ticker,start_date,end_date,sentiment_score
AAPL,2024-01-01,2024-01-07,0.6757
MSFT,2024-01-01,2024-01-07,0.5015
GOOG,2024-01-01,2024-01-07,-0.6114
AMZN,2024-01-01,2024-01-07,
TSLA,2024-01-01,2024-01-07,0.18972499999999998
META,2024-01-01,2024-01-07,
NVDA,2024-01-01,2024-01-07,0.376938
NFLX,2024-01-01,2024-01-07,
PEP,2024-01-01,2024-01-07,
ADBE,2024-01-01,2024-01-07,
INTC,2024-01-01,2024-01-07,
CSCO,2024-01-01,2024-01-07,
CMCSA,2024-01-01,2024-01-07,
AVGO,2024-01-01,2024-01-07,-0.1189
PYPL,2024-01-01,2024-01-07,0.01855
TXN,2024-01-01,2024-01-07,
COST,2024-01-01,2024-01-07,
QCOM,2024-01-01,2024-01-07,
AMGN,2024-01-01,2024-01-07,0.17785
SBUX,2024-01-01,2024-01-07,0.5930625
AMD,2024-01-01,2024-01-07,0.006416999999999992
HON,2024-01-01,2024-01-07,0.113333
GILD,2024-01-01,2024-01-07,
ISRG,2024-01-01,2024-01-07,
BKNG,2024-01-01,2024-01-07,
ADP,2024-01-01,2024-01-07,0.169413
MDLZ,2024-01-01,2024-01-07,
VRTX,2024-01-01,2024-01-07,
REGN,2024-01-01,2024-01-07,
LRCX,2024-01-01,2024-01-07,
FISV,2024-01-01,2024-01-07,
INTU,2024-01-01,2024-01-07,0.2263
MRNA,2024-01-01,2024-01-07,0.7553
MU,2024-01-01,2024-01-07,
ZM,2024-01-01,2024-01-07,
IDXX,2024-01-01,2024-01-07,
ASML,2024-01-01,2024-01-07,0.1186
ATVI,2024-01-01,2024-01-07,0.23835
KHC,2024-01-01,2024-01-07,
BIIB,2024-01-01,2024-01-07,0.2617
MELI,2024-01-01,2024-01-07,0.5177
DOCU,2024-01-01,2024-01-07,0.5909
ADSK,2024-01-01,2024-01-07,
EA,2024-01-01,2024-01-07,
WDAY,2024-01-01,2024-01-07,0.39540333333333333
SNPS,2024-01-01,2024-01-07,
ILMN,2024-01-01,2024-01-07,0.183975
ROST,2024-01-01,2024-01-07,
CTAS,2024-01-01,2024-01-07,
EBAY,2024-01-01,2024-01-07,
KLAC,2024-01-01,2024-01-07,
MNST,2024-01-01,2024-01-07,
CDNS,2024-01-01,2024-01-07,0.10115
CTSH,2024-01-01,2024-01-07,
ORLY,2024-01-01,2024-01-07,
DLTR,2024-01-01,2024-01-07,
LULU,2024-01-01,2024-01-07,0.4254
FAST,2024-01-01,2024-01-07,
XEL,2024-01-01,2024-01-07,0.29295
CTXS,2024-01-01,2024-01-07,
NXPI,2024-01-01,2024-01-07,
PCAR,2024-01-01,2024-01-07,
SIRI,2024-01-01,2024-01-07,
MAR,2024-01-01,2024-01-07,-0.064
SGEN,2024-01-01,2024-01-07,0.7684
EXC,2024-01-01,2024-01-07,
ODFL,2024-01-01,2024-01-07,0.5319
PAYX,2024-01-01,2024-01-07,
ALGN,2024-01-01,2024-01-07,0.1103
SWKS,2024-01-01,2024-01-07,
TEAM,2024-01-01,2024-01-07,
WBA,2024-01-01,2024-01-07,0.4686333333333334
ADI,2024-01-01,2024-01-07,
VRSK,2024-01-01,2024-01-07,
CDW,2024-01-01,2024-01-07,
BIDU,2024-01-01,2024-01-07,0.359917
CHTR,2024-01-01,2024-01-07,
VRSN,2024-01-01,2024-01-07,
INCY,2024-01-01,2024-01-07,
WDAY,2024-01-01,2024-01-07,0.39540333333333333
ANSS,2024-01-01,2024-01-07,
CPRT,2024-01-01,2024-01-07,0.442
UAL,2024-01-01,2024-01-07,0.10115
TTWO,2024-01-01,2024-01-07,
REG,2024-01-01,2024-01-07,
HPE,2024-01-01,2024-01-07,0.5017
EXPE,2024-01-01,2024-01-07,
MCHP,2024-01-01,2024-01-07,
VRSN,2024-01-01,2024-01-07,
XLNX,2024-01-01,2024-01-07,0.1779
BKNG,2024-01-01,2024-01-07,
MXIM,2024-01-01,2024-01-07,
PAYC,2024-01-01,2024-01-07,0.12280566666666666
CTAS,2024-01-01,2024-01-07,
TECH,2024-01-01,2024-01-07,
WDAY,2024-01-01,2024-01-07,0.39540333333333333
AAPL,2024-01-08,2024-01-14,
MSFT,2024-01-08,2024-01-14,0.012711
GOOG,2024-01-08,2024-01-14,0.6908
AMZN,2024-01-08,2024-01-14,
TSLA,2024-01-08,2024-01-14,0.5231125
META,2024-01-08,2024-01-14,
NVDA,2024-01-08,2024-01-14,0.17559666666666665
NFLX,2024-01-08,2024-01-14,
PEP,2024-01-08,2024-01-14,
ADBE,2024-01-08,2024-01-14,
INTC,2024-01-08,2024-01-14,
CSCO,2024-01-08,2024-01-14,0.0
CMCSA,2024-01-08,2024-01-14,
AVGO,2024-01-08,2024-01-14,0.48550000000000004
PYPL,2024-01-08,2024-01-14,
TXN,2024-01-08,2024-01-14,
COST,2024-01-08,2024-01-14,-0.093733
QCOM,2024-01-08,2024-01-14,0.8176
AMGN,2024-01-08,2024-01-14,
SBUX,2024-01-08,2024-01-14,0.30365
AMD,2024-01-08,2024-01-14,0.427778
HON,2024-01-08,2024-01-14,
GILD,2024-01-08,2024-01-14,
ISRG,2024-01-08,2024-01-14,
BKNG,2024-01-08,2024-01-14,
ADP,2024-01-08,2024-01-14,
MDLZ,2024-01-08,2024-01-14,0.490767
VRTX,2024-01-08,2024-01-14,
REGN,2024-01-08,2024-01-14,
LRCX,2024-01-08,2024-01-14,
FISV,2024-01-08,2024-01-14,
INTU,2024-01-08,2024-01-14,0.0
MRNA,2024-01-08,2024-01-14,
MU,2024-01-08,2024-01-14,0.3548
ZM,2024-01-08,2024-01-14,
IDXX,2024-01-08,2024-01-14,
ASML,2024-01-08,2024-01-14,
ATVI,2024-01-08,2024-01-14,
KHC,2024-01-08,2024-01-14,0.5710416666666667
BIIB,2024-01-08,2024-01-14,
MELI,2024-01-08,2024-01-14,-0.030066500000000003
DOCU,2024-01-08,2024-01-14,0.68848
ADSK,2024-01-08,2024-01-14,
EA,2024-01-08,2024-01-14,
WDAY,2024-01-08,2024-01-14,0.6652665
SNPS,2024-01-08,2024-01-14,0.0
ILMN,2024-01-08,2024-01-14,
ROST,2024-01-08,2024-01-14,
CTAS,2024-01-08,2024-01-14,0.75295
EBAY,2024-01-08,2024-01-14,0.330025
KLAC,2024-01-08,2024-01-14,
MNST,2024-01-08,2024-01-14,0.3572835
CDNS,2024-01-08,2024-01-14,0.0
CTSH,2024-01-08,2024-01-14,
ORLY,2024-01-08,2024-01-14,
DLTR,2024-01-08,2024-01-14,
LULU,2024-01-08,2024-01-14,0.5303
FAST,2024-01-08,2024-01-14,0.26335
XEL,2024-01-08,2024-01-14,
CTXS,2024-01-08,2024-01-14,
NXPI,2024-01-08,2024-01-14,
PCAR,2024-01-08,2024-01-14,0.396511
SIRI,2024-01-08,2024-01-14,
MAR,2024-01-08,2024-01-14,
SGEN,2024-01-08,2024-01-14,
EXC,2024-01-08,2024-01-14,0.6401
ODFL,2024-01-08,2024-01-14,
PAYX,2024-01-08,2024-01-14,0.5113165
ALGN,2024-01-08,2024-01-14,
SWKS,2024-01-08,2024-01-14,
TEAM,2024-01-08,2024-01-14,
WBA,2024-01-08,2024-01-14,0.1224
ADI,2024-01-08,2024-01-14,0.2086
VRSK,2024-01-08,2024-01-14,
CDW,2024-01-08,2024-01-14,
BIDU,2024-01-08,2024-01-14,
CHTR,2024-01-08,2024-01-14,
VRSN,2024-01-08,2024-01-14,
INCY,2024-01-08,2024-01-14,0.4581
WDAY,2024-01-08,2024-01-14,0.6652665
ANSS,2024-01-08,2024-01-14,
CPRT,2024-01-08,2024-01-14,0.291667
UAL,2024-01-08,2024-01-14,-0.13645
TTWO,2024-01-08,2024-01-14,
REG,2024-01-08,2024-01-14,
HPE,2024-01-08,2024-01-14,
EXPE,2024-01-08,2024-01-14,
MCHP,2024-01-08,2024-01-14,0.5412666666666667
VRSN,2024-01-08,2024-01-14,
XLNX,2024-01-08,2024-01-14,
BKNG,2024-01-08,2024-01-14,
MXIM,2024-01-08,2024-01-14,
PAYC,2024-01-08,2024-01-14,0.485
CTAS,2024-01-08,2024-01-14,0.75295
TECH,2024-01-08,2024-01-14,
WDAY,2024-01-08,2024-01-14,0.6652665
AAPL,2024-01-15,2024-01-21,0.754975
MSFT,2024-01-15,2024-01-21,0.6544055
GOOG,2024-01-15,2024-01-21,0.296
AMZN,2024-01-15,2024-01-21,0.3393165
TSLA,2024-01-15,2024-01-21,0.66498
META,2024-01-15,2024-01-21,0.62582
NVDA,2024-01-15,2024-01-21,0.6216335
NFLX,2024-01-15,2024-01-21,
PEP,2024-01-15,2024-01-21,
ADBE,2024-01-15,2024-01-21,
INTC,2024-01-15,2024-01-21,
CSCO,2024-01-15,2024-01-21,0.7096
CMCSA,2024-01-15,2024-01-21,
AVGO,2024-01-15,2024-01-21,0.197143
PYPL,2024-01-15,2024-01-21,
TXN,2024-01-15,2024-01-21,0.02345
COST,2024-01-15,2024-01-21,0.58105
QCOM,2024-01-15,2024-01-21,
AMGN,2024-01-15,2024-01-21,-0.04516
SBUX,2024-01-15,2024-01-21,
AMD,2024-01-15,2024-01-21,0.13695000000000002
HON,2024-01-15,2024-01-21,
GILD,2024-01-15,2024-01-21,
ISRG,2024-01-15,2024-01-21,0.02345
BKNG,2024-01-15,2024-01-21,-0.2732
ADP,2024-01-15,2024-01-21,
MDLZ,2024-01-15,2024-01-21,
VRTX,2024-01-15,2024-01-21,
REGN,2024-01-15,2024-01-21,
LRCX,2024-01-15,2024-01-21,0.5835375
FISV,2024-01-15,2024-01-21,
INTU,2024-01-15,2024-01-21,0.6771
MRNA,2024-01-15,2024-01-21,
MU,2024-01-15,2024-01-21,
ZM,2024-01-15,2024-01-21,
IDXX,2024-01-15,2024-01-21,
ASML,2024-01-15,2024-01-21,0.37495
ATVI,2024-01-15,2024-01-21,0.38939999999999997
KHC,2024-01-15,2024-01-21,
BIIB,2024-01-15,2024-01-21,
MELI,2024-01-15,2024-01-21,0.511967
DOCU,2024-01-15,2024-01-21,
ADSK,2024-01-15,2024-01-21,0.48404
EA,2024-01-15,2024-01-21,
WDAY,2024-01-15,2024-01-21,0.10751833333333334
SNPS,2024-01-15,2024-01-21,0.765
ILMN,2024-01-15,2024-01-21,
ROST,2024-01-15,2024-01-21,
CTAS,2024-01-15,2024-01-21,0.1261165
EBAY,2024-01-15,2024-01-21,0.8834
KLAC,2024-01-15,2024-01-21,0.0
MNST,2024-01-15,2024-01-21,-0.7155
CDNS,2024-01-15,2024-01-21,
CTSH,2024-01-15,2024-01-21,0.35015
ORLY,2024-01-15,2024-01-21,
DLTR,2024-01-15,2024-01-21,
LULU,2024-01-15,2024-01-21,0.148
FAST,2024-01-15,2024-01-21,
XEL,2024-01-15,2024-01-21,
CTXS,2024-01-15,2024-01-21,
NXPI,2024-01-15,2024-01-21,
PCAR,2024-01-15,2024-01-21,-0.2263
SIRI,2024-01-15,2024-01-21,
MAR,2024-01-15,2024-01-21,0.6597
SGEN,2024-01-15,2024-01-21,0.0258
EXC,2024-01-15,2024-01-21,
ODFL,2024-01-15,2024-01-21,
PAYX,2024-01-15,2024-01-21,0.456171
ALGN,2024-01-15,2024-01-21,
SWKS,2024-01-15,2024-01-21,
TEAM,2024-01-15,2024-01-21,
WBA,2024-01-15,2024-01-21,-0.2294
ADI,2024-01-15,2024-01-21,
VRSK,2024-01-15,2024-01-21,
CDW,2024-01-15,2024-01-21,
BIDU,2024-01-15,2024-01-21,0.2086
CHTR,2024-01-15,2024-01-21,0.1027
VRSN,2024-01-15,2024-01-21,
INCY,2024-01-15,2024-01-21,
WDAY,2024-01-15,2024-01-21,0.10751833333333334
ANSS,2024-01-15,2024-01-21,0.79375
CPRT,2024-01-15,2024-01-21,-0.0258
UAL,2024-01-15,2024-01-21,0.0
TTWO,2024-01-15,2024-01-21,
REG,2024-01-15,2024-01-21,
HPE,2024-01-15,2024-01-21,0.444
EXPE,2024-01-15,2024-01-21,0.157882
MCHP,2024-01-15,2024-01-21,
VRSN,2024-01-15,2024-01-21,
XLNX,2024-01-15,2024-01-21,
BKNG,2024-01-15,2024-01-21,-0.2732
MXIM,2024-01-15,2024-01-21,
PAYC,2024-01-15,2024-01-21,
CTAS,2024-01-15,2024-01-21,0.1261165
TECH,2024-01-15,2024-01-21,
WDAY,2024-01-15,2024-01-21,0.10751833333333334
AAPL,2024-01-22,2024-01-28,0.73028
MSFT,2024-01-22,2024-01-28,
GOOG,2024-01-22,2024-01-28,0.4215
AMZN,2024-01-22,2024-01-28,
TSLA,2024-01-22,2024-01-28,-0.1734
META,2024-01-22,2024-01-28,
NVDA,2024-01-22,2024-01-28,0.27124349999999997
NFLX,2024-01-22,2024-01-28,0.6597
PEP,2024-01-22,2024-01-28,
ADBE,2024-01-22,2024-01-28,
INTC,2024-01-22,2024-01-28,0.34918333333333335
CSCO,2024-01-22,2024-01-28,
CMCSA,2024-01-22,2024-01-28,
AVGO,2024-01-22,2024-01-28,
PYPL,2024-01-22,2024-01-28,
TXN,2024-01-22,2024-01-28,
COST,2024-01-22,2024-01-28,
QCOM,2024-01-22,2024-01-28,
AMGN,2024-01-22,2024-01-28,0.0649
SBUX,2024-01-22,2024-01-28,-0.06594149999999999
AMD,2024-01-22,2024-01-28,0.21923333333333336
HON,2024-01-22,2024-01-28,
GILD,2024-01-22,2024-01-28,
ISRG,2024-01-22,2024-01-28,
BKNG,2024-01-22,2024-01-28,
ADP,2024-01-22,2024-01-28,0.4215
MDLZ,2024-01-22,2024-01-28,-0.2263
VRTX,2024-01-22,2024-01-28,
REGN,2024-01-22,2024-01-28,0.45855
LRCX,2024-01-22,2024-01-28,0.8479
FISV,2024-01-22,2024-01-28,
INTU,2024-01-22,2024-01-28,
MRNA,2024-01-22,2024-01-28,-0.12515
MU,2024-01-22,2024-01-28,0.0
ZM,2024-01-22,2024-01-28,0.343467
IDXX,2024-01-22,2024-01-28,
ASML,2024-01-22,2024-01-28,0.9123
ATVI,2024-01-22,2024-01-28,
KHC,2024-01-22,2024-01-28,
BIIB,2024-01-22,2024-01-28,
MELI,2024-01-22,2024-01-28,-0.09016999999999999
DOCU,2024-01-22,2024-01-28,
ADSK,2024-01-22,2024-01-28,
EA,2024-01-22,2024-01-28,0.2023
WDAY,2024-01-22,2024-01-28,0.3667335
SNPS,2024-01-22,2024-01-28,0.532033
ILMN,2024-01-22,2024-01-28,
ROST,2024-01-22,2024-01-28,
CTAS,2024-01-22,2024-01-28,0.41665
EBAY,2024-01-22,2024-01-28,
KLAC,2024-01-22,2024-01-28,0.286582
MNST,2024-01-22,2024-01-28,
CDNS,2024-01-22,2024-01-28,
CTSH,2024-01-22,2024-01-28,
ORLY,2024-01-22,2024-01-28,
DLTR,2024-01-22,2024-01-28,0.09895000000000001
LULU,2024-01-22,2024-01-28,
FAST,2024-01-22,2024-01-28,0.8834
XEL,2024-01-22,2024-01-28,
CTXS,2024-01-22,2024-01-28,
NXPI,2024-01-22,2024-01-28,
PCAR,2024-01-22,2024-01-28,0.58308
SIRI,2024-01-22,2024-01-28,
MAR,2024-01-22,2024-01-28,0.2997
SGEN,2024-01-22,2024-01-28,
EXC,2024-01-22,2024-01-28,0.0
ODFL,2024-01-22,2024-01-28,
PAYX,2024-01-22,2024-01-28,
ALGN,2024-01-22,2024-01-28,0.0
SWKS,2024-01-22,2024-01-28,0.16275
TEAM,2024-01-22,2024-01-28,0.4215
WBA,2024-01-22,2024-01-28,0.296
ADI,2024-01-22,2024-01-28,
VRSK,2024-01-22,2024-01-28,
CDW,2024-01-22,2024-01-28,
BIDU,2024-01-22,2024-01-28,
CHTR,2024-01-22,2024-01-28,0.3021
VRSN,2024-01-22,2024-01-28,0.0
INCY,2024-01-22,2024-01-28,
WDAY,2024-01-22,2024-01-28,0.3667335
ANSS,2024-01-22,2024-01-28,0.177
CPRT,2024-01-22,2024-01-28,
UAL,2024-01-22,2024-01-28,0.8689
TTWO,2024-01-22,2024-01-28,
REG,2024-01-22,2024-01-28,
HPE,2024-01-22,2024-01-28,
EXPE,2024-01-22,2024-01-28,0.0
MCHP,2024-01-22,2024-01-28,0.0
VRSN,2024-01-22,2024-01-28,0.0
XLNX,2024-01-22,2024-01-28,
BKNG,2024-01-22,2024-01-28,
MXIM,2024-01-22,2024-01-28,
PAYC,2024-01-22,2024-01-28,0.0659
CTAS,2024-01-22,2024-01-28,0.41665
TECH,2024-01-22,2024-01-28,
WDAY,2024-01-22,2024-01-28,0.3667335AAPL,2024-01-01,2024-01-07,0
MSFT,2024-01-01,2024-01-07,0
GOOG,2024-01-01,2024-01-07,0
AMZN,2024-01-01,2024-01-07,0
TSLA,2024-01-01,2024-01-07,0
META,2024-01-01,2024-01-07,0
NVDA,2024-01-01,2024-01-07,0.376938
NFLX,2024-01-01,2024-01-07,0
PEP,2024-01-01,2024-01-07,0
ADBE,2024-01-01,2024-01-07,0
INTC,2024-01-01,2024-01-07,0
CSCO,2024-01-01,2024-01-07,0
CMCSA,2024-01-01,2024-01-07,0
AVGO,2024-01-01,2024-01-07,0
PYPL,2024-01-01,2024-01-07,0
TXN,2024-01-01,2024-01-07,0
COST,2024-01-01,2024-01-07,0
QCOM,2024-01-01,2024-01-07,0
AMGN,2024-01-01,2024-01-07,0.17785
SBUX,2024-01-01,2024-01-07,0.409725
AMD,2024-01-01,2024-01-07,0.006416999999999992
HON,2024-01-01,2024-01-07,0.113333
GILD,2024-01-01,2024-01-07,0
ISRG,2024-01-01,2024-01-07,0
BKNG,2024-01-01,2024-01-07,0
ADP,2024-01-01,2024-01-07,0
MDLZ,2024-01-01,2024-01-07,0
VRTX,2024-01-01,2024-01-07,0
REGN,2024-01-01,2024-01-07,0
LRCX,2024-01-01,2024-01-07,0
FISV,2024-01-01,2024-01-07,0
INTU,2024-01-01,2024-01-07,0
MRNA,2024-01-01,2024-01-07,0.7553
MU,2024-01-01,2024-01-07,0
ZM,2024-01-01,2024-01-07,0
IDXX,2024-01-01,2024-01-07,0
ASML,2024-01-01,2024-01-07,0.1186
ATVI,2024-01-01,2024-01-07,0
KHC,2024-01-01,2024-01-07,0
BIIB,2024-01-01,2024-01-07,0
MELI,2024-01-01,2024-01-07,0.5177
DOCU,2024-01-01,2024-01-07,0
ADSK,2024-01-01,2024-01-07,0
EA,2024-01-01,2024-01-07,0
WDAY,2024-01-01,2024-01-07,0
SNPS,2024-01-01,2024-01-07,0
ILMN,2024-01-01,2024-01-07,0
ROST,2024-01-01,2024-01-07,0
CTAS,2024-01-01,2024-01-07,0
EBAY,2024-01-01,2024-01-07,0
KLAC,2024-01-01,2024-01-07,0
MNST,2024-01-01,2024-01-07,0
CDNS,2024-01-01,2024-01-07,0.10115
CTSH,2024-01-01,2024-01-07,0
ORLY,2024-01-01,2024-01-07,0
DLTR,2024-01-01,2024-01-07,0
LULU,2024-01-01,2024-01-07,0.4254
FAST,2024-01-01,2024-01-07,0
XEL,2024-01-01,2024-01-07,0
CTXS,2024-01-01,2024-01-07,0
NXPI,2024-01-01,2024-01-07,0
PCAR,2024-01-01,2024-01-07,0
SIRI,2024-01-01,2024-01-07,0
MAR,2024-01-01,2024-01-07,-0.128
SGEN,2024-01-01,2024-01-07,0.7684
EXC,2024-01-01,2024-01-07,0
ODFL,2024-01-01,2024-01-07,0
PAYX,2024-01-01,2024-01-07,0
ALGN,2024-01-01,2024-01-07,0
SWKS,2024-01-01,2024-01-07,0
TEAM,2024-01-01,2024-01-07,0
WBA,2024-01-01,2024-01-07,0.2954
ADI,2024-01-01,2024-01-07,0
VRSK,2024-01-01,2024-01-07,0
CDW,2024-01-01,2024-01-07,0
BIDU,2024-01-01,2024-01-07,0.359917
CHTR,2024-01-01,2024-01-07,0
VRSN,2024-01-01,2024-01-07,0
INCY,2024-01-01,2024-01-07,0
WDAY,2024-01-01,2024-01-07,0
ANSS,2024-01-01,2024-01-07,0
CPRT,2024-01-01,2024-01-07,0.442
UAL,2024-01-01,2024-01-07,0.10115
TTWO,2024-01-01,2024-01-07,0
REG,2024-01-01,2024-01-07,0
HPE,2024-01-01,2024-01-07,0
EXPE,2024-01-01,2024-01-07,0
MCHP,2024-01-01,2024-01-07,0
VRSN,2024-01-01,2024-01-07,0
XLNX,2024-01-01,2024-01-07,0
BKNG,2024-01-01,2024-01-07,0
MXIM,2024-01-01,2024-01-07,0
PAYC,2024-01-01,2024-01-07,0.12280566666666666
CTAS,2024-01-01,2024-01-07,0
TECH,2024-01-01,2024-01-07,0
WDAY,2024-01-01,2024-01-07,0
AAPL,2024-01-08,2024-01-14,0
MSFT,2024-01-08,2024-01-14,-0.2348
GOOG,2024-01-08,2024-01-14,0.6908
AMZN,2024-01-08,2024-01-14,0
TSLA,2024-01-08,2024-01-14,0.5231125
META,2024-01-08,2024-01-14,0
NVDA,2024-01-08,2024-01-14,0.17559666666666665
NFLX,2024-01-08,2024-01-14,0
PEP,2024-01-08,2024-01-14,0
ADBE,2024-01-08,2024-01-14,0
INTC,2024-01-08,2024-01-14,0
CSCO,2024-01-08,2024-01-14,0.0
CMCSA,2024-01-08,2024-01-14,0
AVGO,2024-01-08,2024-01-14,0.7809
PYPL,2024-01-08,2024-01-14,0
TXN,2024-01-08,2024-01-14,0
COST,2024-01-08,2024-01-14,-0.093733
QCOM,2024-01-08,2024-01-14,0
AMGN,2024-01-08,2024-01-14,0
SBUX,2024-01-08,2024-01-14,0.30365
AMD,2024-01-08,2024-01-14,0.427778
HON,2024-01-08,2024-01-14,0
GILD,2024-01-08,2024-01-14,0
ISRG,2024-01-08,2024-01-14,0
BKNG,2024-01-08,2024-01-14,0
ADP,2024-01-08,2024-01-14,0
MDLZ,2024-01-08,2024-01-14,0
VRTX,2024-01-08,2024-01-14,0
REGN,2024-01-08,2024-01-14,0
LRCX,2024-01-08,2024-01-14,0
FISV,2024-01-08,2024-01-14,0
INTU,2024-01-08,2024-01-14,0.0
MRNA,2024-01-08,2024-01-14,0
MU,2024-01-08,2024-01-14,0.3548
ZM,2024-01-08,2024-01-14,0
IDXX,2024-01-08,2024-01-14,0
ASML,2024-01-08,2024-01-14,0
ATVI,2024-01-08,2024-01-14,0
KHC,2024-01-08,2024-01-14,0
BIIB,2024-01-08,2024-01-14,0
MELI,2024-01-08,2024-01-14,-0.030066500000000003
DOCU,2024-01-08,2024-01-14,0.68848
ADSK,2024-01-08,2024-01-14,0
EA,2024-01-08,2024-01-14,0
WDAY,2024-01-08,2024-01-14,0
SNPS,2024-01-08,2024-01-14,0
ILMN,2024-01-08,2024-01-14,0
ROST,2024-01-08,2024-01-14,0
CTAS,2024-01-08,2024-01-14,0
EBAY,2024-01-08,2024-01-14,0
KLAC,2024-01-08,2024-01-14,0
MNST,2024-01-08,2024-01-14,0.3572835
CDNS,2024-01-08,2024-01-14,0.0
CTSH,2024-01-08,2024-01-14,0
ORLY,2024-01-08,2024-01-14,0
DLTR,2024-01-08,2024-01-14,0
LULU,2024-01-08,2024-01-14,0
FAST,2024-01-08,2024-01-14,0.26335
XEL,2024-01-08,2024-01-14,0
CTXS,2024-01-08,2024-01-14,0
NXPI,2024-01-08,2024-01-14,0
PCAR,2024-01-08,2024-01-14,0.39161650000000003
SIRI,2024-01-08,2024-01-14,0
MAR,2024-01-08,2024-01-14,0
SGEN,2024-01-08,2024-01-14,0
EXC,2024-01-08,2024-01-14,0.6401
ODFL,2024-01-08,2024-01-14,0
PAYX,2024-01-08,2024-01-14,0
ALGN,2024-01-08,2024-01-14,0
SWKS,2024-01-08,2024-01-14,0
TEAM,2024-01-08,2024-01-14,0
WBA,2024-01-08,2024-01-14,0.1224
ADI,2024-01-08,2024-01-14,0.2086
VRSK,2024-01-08,2024-01-14,0
CDW,2024-01-08,2024-01-14,0
BIDU,2024-01-08,2024-01-14,0
CHTR,2024-01-08,2024-01-14,0
VRSN,2024-01-08,2024-01-14,0
INCY,2024-01-08,2024-01-14,0
WDAY,2024-01-08,2024-01-14,0
ANSS,2024-01-08,2024-01-14,0
CPRT,2024-01-08,2024-01-14,0
UAL,2024-01-08,2024-01-14,-0.13645
TTWO,2024-01-08,2024-01-14,0
REG,2024-01-08,2024-01-14,0
HPE,2024-01-08,2024-01-14,0
EXPE,2024-01-08,2024-01-14,0
MCHP,2024-01-08,2024-01-14,0.4404
VRSN,2024-01-08,2024-01-14,0
XLNX,2024-01-08,2024-01-14,0
BKNG,2024-01-08,2024-01-14,0
MXIM,2024-01-08,2024-01-14,0
PAYC,2024-01-08,2024-01-14,0.485
CTAS,2024-01-08,2024-01-14,0.75295
TECH,2024-01-08,2024-01-14,0
WDAY,2024-01-08,2024-01-14,0
AAPL,2024-01-15,2024-01-21,0.754975
MSFT,2024-01-15,2024-01-21,0.6544055
GOOG,2024-01-15,2024-01-21,0.296
AMZN,2024-01-15,2024-01-21,0.3393165
TSLA,2024-01-15,2024-01-21,0.66498
META,2024-01-15,2024-01-21,0.62582
NVDA,2024-01-15,2024-01-21,0.9287
NFLX,2024-01-15,2024-01-21,0
PEP,2024-01-15,2024-01-21,0
ADBE,2024-01-15,2024-01-21,0
INTC,2024-01-15,2024-01-21,0
CSCO,2024-01-15,2024-01-21,0.7096
CMCSA,2024-01-15,2024-01-21,0
AVGO,2024-01-15,2024-01-21,0.197143
PYPL,2024-01-15,2024-01-21,0
TXN,2024-01-15,2024-01-21,0
COST,2024-01-15,2024-01-21,0
QCOM,2024-01-15,2024-01-21,0
AMGN,2024-01-15,2024-01-21,0
SBUX,2024-01-15,2024-01-21,0
AMD,2024-01-15,2024-01-21,0.13695000000000002
HON,2024-01-15,2024-01-21,0
GILD,2024-01-15,2024-01-21,0
ISRG,2024-01-15,2024-01-21,0.02345
BKNG,2024-01-15,2024-01-21,0
ADP,2024-01-15,2024-01-21,0
MDLZ,2024-01-15,2024-01-21,0
VRTX,2024-01-15,2024-01-21,0
REGN,2024-01-15,2024-01-21,0
LRCX,2024-01-15,2024-01-21,0.6808
FISV,2024-01-15,2024-01-21,0
INTU,2024-01-15,2024-01-21,0.6771
MRNA,2024-01-15,2024-01-21,0
MU,2024-01-15,2024-01-21,0
ZM,2024-01-15,2024-01-21,0
IDXX,2024-01-15,2024-01-21,0
ASML,2024-01-15,2024-01-21,0.37495
ATVI,2024-01-15,2024-01-21,0.3021
KHC,2024-01-15,2024-01-21,0
BIIB,2024-01-15,2024-01-21,0
MELI,2024-01-15,2024-01-21,0.511967
DOCU,2024-01-15,2024-01-21,0
ADSK,2024-01-15,2024-01-21,0
EA,2024-01-15,2024-01-21,0
WDAY,2024-01-15,2024-01-21,0
SNPS,2024-01-15,2024-01-21,0.765
ILMN,2024-01-15,2024-01-21,0
ROST,2024-01-15,2024-01-21,0
CTAS,2024-01-15,2024-01-21,0
EBAY,2024-01-15,2024-01-21,0.8834
KLAC,2024-01-15,2024-01-21,0
MNST,2024-01-15,2024-01-21,0
CDNS,2024-01-15,2024-01-21,0
CTSH,2024-01-15,2024-01-21,0.35015
ORLY,2024-01-15,2024-01-21,0
DLTR,2024-01-15,2024-01-21,0
LULU,2024-01-15,2024-01-21,0.148
FAST,2024-01-15,2024-01-21,0
XEL,2024-01-15,2024-01-21,0
CTXS,2024-01-15,2024-01-21,0
NXPI,2024-01-15,2024-01-21,0
PCAR,2024-01-15,2024-01-21,-0.2263
SIRI,2024-01-15,2024-01-21,0
MAR,2024-01-15,2024-01-21,0.6597
SGEN,2024-01-15,2024-01-21,0.0258
EXC,2024-01-15,2024-01-21,0
ODFL,2024-01-15,2024-01-21,0
PAYX,2024-01-15,2024-01-21,0
ALGN,2024-01-15,2024-01-21,0
SWKS,2024-01-15,2024-01-21,0
TEAM,2024-01-15,2024-01-21,0
WBA,2024-01-15,2024-01-21,-0.2294
ADI,2024-01-15,2024-01-21,0
VRSK,2024-01-15,2024-01-21,0
CDW,2024-01-15,2024-01-21,0
BIDU,2024-01-15,2024-01-21,0
CHTR,2024-01-15,2024-01-21,0
VRSN,2024-01-15,2024-01-21,0
INCY,2024-01-15,2024-01-21,0
WDAY,2024-01-15,2024-01-21,0
ANSS,2024-01-15,2024-01-21,0.79375
CPRT,2024-01-15,2024-01-21,-0.0258
UAL,2024-01-15,2024-01-21,0
TTWO,2024-01-15,2024-01-21,0
REG,2024-01-15,2024-01-21,0
HPE,2024-01-15,2024-01-21,0
EXPE,2024-01-15,2024-01-21,-0.2263
MCHP,2024-01-15,2024-01-21,0
VRSN,2024-01-15,2024-01-21,0
XLNX,2024-01-15,2024-01-21,0
BKNG,2024-01-15,2024-01-21,-0.2732
MXIM,2024-01-15,2024-01-21,0
PAYC,2024-01-15,2024-01-21,0
CTAS,2024-01-15,2024-01-21,0.1261165
TECH,2024-01-15,2024-01-21,0
WDAY,2024-01-15,2024-01-21,0
AAPL,2024-01-22,2024-01-28,0.73028
MSFT,2024-01-22,2024-01-28,0
GOOG,2024-01-22,2024-01-28,0.4215
AMZN,2024-01-22,2024-01-28,0
TSLA,2024-01-22,2024-01-28,-0.1734
META,2024-01-22,2024-01-28,0
NVDA,2024-01-22,2024-01-28,0
NFLX,2024-01-22,2024-01-28,0
PEP,2024-01-22,2024-01-28,0
ADBE,2024-01-22,2024-01-28,0
INTC,2024-01-22,2024-01-28,0.34918333333333335
CSCO,2024-01-22,2024-01-28,0
CMCSA,2024-01-22,2024-01-28,0
AVGO,2024-01-22,2024-01-28,0
PYPL,2024-01-22,2024-01-28,0
TXN,2024-01-22,2024-01-28,0
COST,2024-01-22,2024-01-28,0
QCOM,2024-01-22,2024-01-28,0
AMGN,2024-01-22,2024-01-28,0
SBUX,2024-01-22,2024-01-28,0
AMD,2024-01-22,2024-01-28,0.21923333333333336
HON,2024-01-22,2024-01-28,0
GILD,2024-01-22,2024-01-28,0
ISRG,2024-01-22,2024-01-28,0
BKNG,2024-01-22,2024-01-28,0
ADP,2024-01-22,2024-01-28,0.4215
MDLZ,2024-01-22,2024-01-28,-0.2263
VRTX,2024-01-22,2024-01-28,0
REGN,2024-01-22,2024-01-28,0.4019
LRCX,2024-01-22,2024-01-28,0
FISV,2024-01-22,2024-01-28,0
INTU,2024-01-22,2024-01-28,0
MRNA,2024-01-22,2024-01-28,-0.12515
MU,2024-01-22,2024-01-28,0.0
ZM,2024-01-22,2024-01-28,0.343467
IDXX,2024-01-22,2024-01-28,0
ASML,2024-01-22,2024-01-28,0
ATVI,2024-01-22,2024-01-28,0
KHC,2024-01-22,2024-01-28,0
BIIB,2024-01-22,2024-01-28,0
MELI,2024-01-22,2024-01-28,-0.09016999999999999
DOCU,2024-01-22,2024-01-28,0
ADSK,2024-01-22,2024-01-28,0
EA,2024-01-22,2024-01-28,0.2023
WDAY,2024-01-22,2024-01-28,0
SNPS,2024-01-22,2024-01-28,0
ILMN,2024-01-22,2024-01-28,0
ROST,2024-01-22,2024-01-28,0
CTAS,2024-01-22,2024-01-28,0
EBAY,2024-01-22,2024-01-28,0
KLAC,2024-01-22,2024-01-28,0.286582
MNST,2024-01-22,2024-01-28,0
CDNS,2024-01-22,2024-01-28,0
CTSH,2024-01-22,2024-01-28,0
ORLY,2024-01-22,2024-01-28,0
DLTR,2024-01-22,2024-01-28,0.285167
LULU,2024-01-22,2024-01-28,0
FAST,2024-01-22,2024-01-28,0
XEL,2024-01-22,2024-01-28,0
CTXS,2024-01-22,2024-01-28,0
NXPI,2024-01-22,2024-01-28,0
PCAR,2024-01-22,2024-01-28,0.606
SIRI,2024-01-22,2024-01-28,0
MAR,2024-01-22,2024-01-28,0.2997
SGEN,2024-01-22,2024-01-28,0
EXC,2024-01-22,2024-01-28,0
ODFL,2024-01-22,2024-01-28,0
PAYX,2024-01-22,2024-01-28,0
ALGN,2024-01-22,2024-01-28,0.0
SWKS,2024-01-22,2024-01-28,0.0258
TEAM,2024-01-22,2024-01-28,0.4215
WBA,2024-01-22,2024-01-28,0
ADI,2024-01-22,2024-01-28,0
VRSK,2024-01-22,2024-01-28,0
CDW,2024-01-22,2024-01-28,0
BIDU,2024-01-22,2024-01-28,0
CHTR,2024-01-22,2024-01-28,0.4019
VRSN,2024-01-22,2024-01-28,0.0
INCY,2024-01-22,2024-01-28,0
WDAY,2024-01-22,2024-01-28,0
ANSS,2024-01-22,2024-01-28,0.418
CPRT,2024-01-22,2024-01-28,0
UAL,2024-01-22,2024-01-28,0.8689
TTWO,2024-01-22,2024-01-28,0
REG,2024-01-22,2024-01-28,0
HPE,2024-01-22,2024-01-28,0
EXPE,2024-01-22,2024-01-28,0
MCHP,2024-01-22,2024-01-28,0
VRSN,2024-01-22,2024-01-28,0.0
XLNX,2024-01-22,2024-01-28,0
BKNG,2024-01-22,2024-01-28,0
MXIM,2024-01-22,2024-01-28,0
PAYC,2024-01-22,2024-01-28,0.0659
CTAS,2024-01-22,2024-01-28,0
TECH,2024-01-22,2024-01-28,0
WDAY,2024-01-22,2024-01-28,0.733467
AAPL,2024-01-29,2024-02-04,0.143025
MSFT,2024-01-29,2024-02-04,0
GOOG,2024-01-29,2024-02-04,0
AMZN,2024-01-29,2024-02-04,0
TSLA,2024-01-29,2024-02-04,0.046075000000000005
META,2024-01-29,2024-02-04,0
NVDA,2024-01-29,2024-02-04,0
NFLX,2024-01-29,2024-02-04,0
PEP,2024-01-29,2024-02-04,0
ADBE,2024-01-29,2024-02-04,0
INTC,2024-01-29,2024-02-04,-0.18805
CSCO,2024-01-29,2024-02-04,0
CMCSA,2024-01-29,2024-02-04,0
AVGO,2024-01-29,2024-02-04,0
PYPL,2024-01-29,2024-02-04,0
TXN,2024-01-29,2024-02-04,0
COST,2024-01-29,2024-02-04,0
QCOM,2024-01-29,2024-02-04,0
AMGN,2024-01-29,2024-02-04,0.1779
SBUX,2024-01-29,2024-02-04,0.1211
AMD,2024-01-29,2024-02-04,0.058383500000000005
HON,2024-01-29,2024-02-04,0
GILD,2024-01-29,2024-02-04,0
ISRG,2024-01-29,2024-02-04,0.6182
BKNG,2024-01-29,2024-02-04,0
ADP,2024-01-29,2024-02-04,0
MDLZ,2024-01-29,2024-02-04,0
VRTX,2024-01-29,2024-02-04,0
REGN,2024-01-29,2024-02-04,0
LRCX,2024-01-29,2024-02-04,0
FISV,2024-01-29,2024-02-04,0.1779
INTU,2024-01-29,2024-02-04,0
MRNA,2024-01-29,2024-02-04,0.069333
MU,2024-01-29,2024-02-04,0
ZM,2024-01-29,2024-02-04,0
IDXX,2024-01-29,2024-02-04,0.4215
ASML,2024-01-29,2024-02-04,0.3612
ATVI,2024-01-29,2024-02-04,0
KHC,2024-01-29,2024-02-04,0
BIIB,2024-01-29,2024-02-04,0
MELI,2024-01-29,2024-02-04,0
DOCU,2024-01-29,2024-02-04,0
ADSK,2024-01-29,2024-02-04,0
EA,2024-01-29,2024-02-04,0
WDAY,2024-01-29,2024-02-04,0.2173
SNPS,2024-01-29,2024-02-04,0
ILMN,2024-01-29,2024-02-04,0.0
ROST,2024-01-29,2024-02-04,0
CTAS,2024-01-29,2024-02-04,0
EBAY,2024-01-29,2024-02-04,0
KLAC,2024-01-29,2024-02-04,0
MNST,2024-01-29,2024-02-04,0
CDNS,2024-01-29,2024-02-04,0.184533
CTSH,2024-01-29,2024-02-04,0.0
ORLY,2024-01-29,2024-02-04,0.29569999999999996
DLTR,2024-01-29,2024-02-04,0
LULU,2024-01-29,2024-02-04,0
FAST,2024-01-29,2024-02-04,0
XEL,2024-01-29,2024-02-04,0
CTXS,2024-01-29,2024-02-04,0
NXPI,2024-01-29,2024-02-04,0.2294
PCAR,2024-01-29,2024-02-04,0.70805
SIRI,2024-01-29,2024-02-04,0
MAR,2024-01-29,2024-02-04,0
SGEN,2024-01-29,2024-02-04,0
EXC,2024-01-29,2024-02-04,0
ODFL,2024-01-29,2024-02-04,0
PAYX,2024-01-29,2024-02-04,0
ALGN,2024-01-29,2024-02-04,0
SWKS,2024-01-29,2024-02-04,0
TEAM,2024-01-29,2024-02-04,0
WBA,2024-01-29,2024-02-04,0
ADI,2024-01-29,2024-02-04,0
VRSK,2024-01-29,2024-02-04,0
CDW,2024-01-29,2024-02-04,0
BIDU,2024-01-29,2024-02-04,0.21421749999999998
CHTR,2024-01-29,2024-02-04,0
VRSN,2024-01-29,2024-02-04,0
INCY,2024-01-29,2024-02-04,0
WDAY,2024-01-29,2024-02-04,0
ANSS,2024-01-29,2024-02-04,0.42245
CPRT,2024-01-29,2024-02-04,0
UAL,2024-01-29,2024-02-04,0
TTWO,2024-01-29,2024-02-04,0.0
REG,2024-01-29,2024-02-04,0
HPE,2024-01-29,2024-02-04,0
EXPE,2024-01-29,2024-02-04,0.0
MCHP,2024-01-29,2024-02-04,0.8606
VRSN,2024-01-29,2024-02-04,0
XLNX,2024-01-29,2024-02-04,0.6525
BKNG,2024-01-29,2024-02-04,0
MXIM,2024-01-29,2024-02-04,0
PAYC,2024-01-29,2024-02-04,0
CTAS,2024-01-29,2024-02-04,0
TECH,2024-01-29,2024-02-04,0.50935
WDAY,2024-01-29,2024-02-04,0.23365
AAPL,2024-02-05,2024-02-11,0
MSFT,2024-02-05,2024-02-11,0
GOOG,2024-02-05,2024-02-11,0.0
AMZN,2024-02-05,2024-02-11,0
TSLA,2024-02-05,2024-02-11,0
META,2024-02-05,2024-02-11,0.0258
NVDA,2024-02-05,2024-02-11,0.219267
NFLX,2024-02-05,2024-02-11,0
PEP,2024-02-05,2024-02-11,0
ADBE,2024-02-05,2024-02-11,0
INTC,2024-02-05,2024-02-11,0.056
CSCO,2024-02-05,2024-02-11,-0.34895
CMCSA,2024-02-05,2024-02-11,0
AVGO,2024-02-05,2024-02-11,0
PYPL,2024-02-05,2024-02-11,0
TXN,2024-02-05,2024-02-11,0
COST,2024-02-05,2024-02-11,0.0529
QCOM,2024-02-05,2024-02-11,0
AMGN,2024-02-05,2024-02-11,0
SBUX,2024-02-05,2024-02-11,0
AMD,2024-02-05,2024-02-11,0.5859
HON,2024-02-05,2024-02-11,0
GILD,2024-02-05,2024-02-11,0.609167
ISRG,2024-02-05,2024-02-11,-0.24695
BKNG,2024-02-05,2024-02-11,0
ADP,2024-02-05,2024-02-11,0
MDLZ,2024-02-05,2024-02-11,0
VRTX,2024-02-05,2024-02-11,0
REGN,2024-02-05,2024-02-11,0
LRCX,2024-02-05,2024-02-11,0
FISV,2024-02-05,2024-02-11,0
INTU,2024-02-05,2024-02-11,0
MRNA,2024-02-05,2024-02-11,0.295557
MU,2024-02-05,2024-02-11,0
ZM,2024-02-05,2024-02-11,0.6692
IDXX,2024-02-05,2024-02-11,0
ASML,2024-02-05,2024-02-11,0
ATVI,2024-02-05,2024-02-11,0
KHC,2024-02-05,2024-02-11,0
BIIB,2024-02-05,2024-02-11,0
MELI,2024-02-05,2024-02-11,0
DOCU,2024-02-05,2024-02-11,0
ADSK,2024-02-05,2024-02-11,0
EA,2024-02-05,2024-02-11,0
WDAY,2024-02-05,2024-02-11,0
SNPS,2024-02-05,2024-02-11,0.765
ILMN,2024-02-05,2024-02-11,0
ROST,2024-02-05,2024-02-11,0
CTAS,2024-02-05,2024-02-11,0
EBAY,2024-02-05,2024-02-11,-0.0227
KLAC,2024-02-05,2024-02-11,0
MNST,2024-02-05,2024-02-11,0
CDNS,2024-02-05,2024-02-11,0.5106
CTSH,2024-02-05,2024-02-11,0
ORLY,2024-02-05,2024-02-11,0
DLTR,2024-02-05,2024-02-11,0.69125
LULU,2024-02-05,2024-02-11,0.0
FAST,2024-02-05,2024-02-11,0
XEL,2024-02-05,2024-02-11,0
CTXS,2024-02-05,2024-02-11,0
NXPI,2024-02-05,2024-02-11,0
PCAR,2024-02-05,2024-02-11,0
SIRI,2024-02-05,2024-02-11,0
MAR,2024-02-05,2024-02-11,0.0762665
SGEN,2024-02-05,2024-02-11,-0.128
EXC,2024-02-05,2024-02-11,0
ODFL,2024-02-05,2024-02-11,0
PAYX,2024-02-05,2024-02-11,0
ALGN,2024-02-05,2024-02-11,0
SWKS,2024-02-05,2024-02-11,0
TEAM,2024-02-05,2024-02-11,0
WBA,2024-02-05,2024-02-11,0
ADI,2024-02-05,2024-02-11,0
VRSK,2024-02-05,2024-02-11,0
CDW,2024-02-05,2024-02-11,0
BIDU,2024-02-05,2024-02-11,-0.18726449999999997
CHTR,2024-02-05,2024-02-11,0
VRSN,2024-02-05,2024-02-11,0
INCY,2024-02-05,2024-02-11,0.0
WDAY,2024-02-05,2024-02-11,0
ANSS,2024-02-05,2024-02-11,0.411333
CPRT,2024-02-05,2024-02-11,0
UAL,2024-02-05,2024-02-11,0
TTWO,2024-02-05,2024-02-11,0
REG,2024-02-05,2024-02-11,0
HPE,2024-02-05,2024-02-11,0
EXPE,2024-02-05,2024-02-11,0.45614999999999994
MCHP,2024-02-05,2024-02-11,0
VRSN,2024-02-05,2024-02-11,0
XLNX,2024-02-05,2024-02-11,0
BKNG,2024-02-05,2024-02-11,0.3541666666666667
MXIM,2024-02-05,2024-02-11,0
PAYC,2024-02-05,2024-02-11,0
CTAS,2024-02-05,2024-02-11,0
TECH,2024-02-05,2024-02-11,0
WDAY,2024-02-05,2024-02-11,0
AAPL,2024-02-12,2024-02-18,0
MSFT,2024-02-12,2024-02-18,0
GOOG,2024-02-12,2024-02-18,0
AMZN,2024-02-12,2024-02-18,0
TSLA,2024-02-12,2024-02-18,0
META,2024-02-12,2024-02-18,0
NVDA,2024-02-12,2024-02-18,0.28756
NFLX,2024-02-12,2024-02-18,0
PEP,2024-02-12,2024-02-18,0
ADBE,2024-02-12,2024-02-18,0
INTC,2024-02-12,2024-02-18,0.3243
CSCO,2024-02-12,2024-02-18,0.6597
CMCSA,2024-02-12,2024-02-18,0
AVGO,2024-02-12,2024-02-18,0.2112835
PYPL,2024-02-12,2024-02-18,0
TXN,2024-02-12,2024-02-18,0
COST,2024-02-12,2024-02-18,0
QCOM,2024-02-12,2024-02-18,0
AMGN,2024-02-12,2024-02-18,0
SBUX,2024-02-12,2024-02-18,0
AMD,2024-02-12,2024-02-18,0.5423
HON,2024-02-12,2024-02-18,0
GILD,2024-02-12,2024-02-18,0.296
ISRG,2024-02-12,2024-02-18,0.5847
BKNG,2024-02-12,2024-02-18,0
ADP,2024-02-12,2024-02-18,0
MDLZ,2024-02-12,2024-02-18,0
VRTX,2024-02-12,2024-02-18,0.8225
REGN,2024-02-12,2024-02-18,0
LRCX,2024-02-12,2024-02-18,0
FISV,2024-02-12,2024-02-18,0.60605
INTU,2024-02-12,2024-02-18,0
MRNA,2024-02-12,2024-02-18,0.56235
MU,2024-02-12,2024-02-18,0.1909
ZM,2024-02-12,2024-02-18,0
IDXX,2024-02-12,2024-02-18,0
ASML,2024-02-12,2024-02-18,0
ATVI,2024-02-12,2024-02-18,0
KHC,2024-02-12,2024-02-18,0
BIIB,2024-02-12,2024-02-18,0
MELI,2024-02-12,2024-02-18,0.5506
DOCU,2024-02-12,2024-02-18,0
ADSK,2024-02-12,2024-02-18,0
EA,2024-02-12,2024-02-18,0
WDAY,2024-02-12,2024-02-18,0.3645
SNPS,2024-02-12,2024-02-18,0.0
ILMN,2024-02-12,2024-02-18,0.2823
ROST,2024-02-12,2024-02-18,0
CTAS,2024-02-12,2024-02-18,0
EBAY,2024-02-12,2024-02-18,0
KLAC,2024-02-12,2024-02-18,0
MNST,2024-02-12,2024-02-18,0
CDNS,2024-02-12,2024-02-18,0
CTSH,2024-02-12,2024-02-18,0
ORLY,2024-02-12,2024-02-18,0
DLTR,2024-02-12,2024-02-18,0.5719
LULU,2024-02-12,2024-02-18,0
FAST,2024-02-12,2024-02-18,0.0
XEL,2024-02-12,2024-02-18,0.4609
CTXS,2024-02-12,2024-02-18,0
NXPI,2024-02-12,2024-02-18,0.0
PCAR,2024-02-12,2024-02-18,0
SIRI,2024-02-12,2024-02-18,0
MAR,2024-02-12,2024-02-18,0
SGEN,2024-02-12,2024-02-18,0
EXC,2024-02-12,2024-02-18,0.5106
ODFL,2024-02-12,2024-02-18,0
PAYX,2024-02-12,2024-02-18,0
ALGN,2024-02-12,2024-02-18,0
SWKS,2024-02-12,2024-02-18,0.0
TEAM,2024-02-12,2024-02-18,0
WBA,2024-02-12,2024-02-18,0
ADI,2024-02-12,2024-02-18,0.0
VRSK,2024-02-12,2024-02-18,0.4248
CDW,2024-02-12,2024-02-18,0
BIDU,2024-02-12,2024-02-18,0
CHTR,2024-02-12,2024-02-18,0
VRSN,2024-02-12,2024-02-18,0
INCY,2024-02-12,2024-02-18,0
WDAY,2024-02-12,2024-02-18,0.3645
ANSS,2024-02-12,2024-02-18,0.33335
CPRT,2024-02-12,2024-02-18,0
UAL,2024-02-12,2024-02-18,0.379333
TTWO,2024-02-12,2024-02-18,0
REG,2024-02-12,2024-02-18,0
HPE,2024-02-12,2024-02-18,0
EXPE,2024-02-12,2024-02-18,0
MCHP,2024-02-12,2024-02-18,0.0
VRSN,2024-02-12,2024-02-18,0
XLNX,2024-02-12,2024-02-18,0
BKNG,2024-02-12,2024-02-18,0.20712
MXIM,2024-02-12,2024-02-18,0
PAYC,2024-02-12,2024-02-18,0
CTAS,2024-02-12,2024-02-18,0
TECH,2024-02-12,2024-02-18,0
WDAY,2024-02-12,2024-02-18,0.37011499999999997
AAPL,2024-02-19,2024-02-25,0
MSFT,2024-02-19,2024-02-25,0
GOOG,2024-02-19,2024-02-25,0
AMZN,2024-02-19,2024-02-25,0
TSLA,2024-02-19,2024-02-25,0.247117
META,2024-02-19,2024-02-25,0
NVDA,2024-02-19,2024-02-25,0.31253349999999996
NFLX,2024-02-19,2024-02-25,0
PEP,2024-02-19,2024-02-25,0
ADBE,2024-02-19,2024-02-25,0
INTC,2024-02-19,2024-02-25,0.3818
CSCO,2024-02-19,2024-02-25,0.0
CMCSA,2024-02-19,2024-02-25,0
AVGO,2024-02-19,2024-02-25,-0.0316785
PYPL,2024-02-19,2024-02-25,0
TXN,2024-02-19,2024-02-25,0
COST,2024-02-19,2024-02-25,0
QCOM,2024-02-19,2024-02-25,0
AMGN,2024-02-19,2024-02-25,0
SBUX,2024-02-19,2024-02-25,0
AMD,2024-02-19,2024-02-25,0.2465
HON,2024-02-19,2024-02-25,0
GILD,2024-02-19,2024-02-25,0
ISRG,2024-02-19,2024-02-25,0
BKNG,2024-02-19,2024-02-25,0.0
ADP,2024-02-19,2024-02-25,0
MDLZ,2024-02-19,2024-02-25,0.74785
VRTX,2024-02-19,2024-02-25,0
REGN,2024-02-19,2024-02-25,0
LRCX,2024-02-19,2024-02-25,0
FISV,2024-02-19,2024-02-25,0
INTU,2024-02-19,2024-02-25,0
MRNA,2024-02-19,2024-02-25,0
MU,2024-02-19,2024-02-25,0.34
ZM,2024-02-19,2024-02-25,0.401
IDXX,2024-02-19,2024-02-25,0
ASML,2024-02-19,2024-02-25,0.7173
ATVI,2024-02-19,2024-02-25,0
KHC,2024-02-19,2024-02-25,0
BIIB,2024-02-19,2024-02-25,0
MELI,2024-02-19,2024-02-25,0.29085
DOCU,2024-02-19,2024-02-25,0
ADSK,2024-02-19,2024-02-25,-0.2263
EA,2024-02-19,2024-02-25,0
WDAY,2024-02-19,2024-02-25,0.47963
SNPS,2024-02-19,2024-02-25,0
ILMN,2024-02-19,2024-02-25,0
ROST,2024-02-19,2024-02-25,0
CTAS,2024-02-19,2024-02-25,0
EBAY,2024-02-19,2024-02-25,0.1366
KLAC,2024-02-19,2024-02-25,0
MNST,2024-02-19,2024-02-25,0.21075
CDNS,2024-02-19,2024-02-25,0
CTSH,2024-02-19,2024-02-25,0
ORLY,2024-02-19,2024-02-25,0.45425
DLTR,2024-02-19,2024-02-25,0
LULU,2024-02-19,2024-02-25,0.167233
FAST,2024-02-19,2024-02-25,0
XEL,2024-02-19,2024-02-25,0
CTXS,2024-02-19,2024-02-25,0
NXPI,2024-02-19,2024-02-25,0
PCAR,2024-02-19,2024-02-25,0
SIRI,2024-02-19,2024-02-25,0.5983
MAR,2024-02-19,2024-02-25,-0.3818
SGEN,2024-02-19,2024-02-25,0
EXC,2024-02-19,2024-02-25,0
ODFL,2024-02-19,2024-02-25,0
PAYX,2024-02-19,2024-02-25,0
ALGN,2024-02-19,2024-02-25,0.247667
SWKS,2024-02-19,2024-02-25,0
TEAM,2024-02-19,2024-02-25,0
WBA,2024-02-19,2024-02-25,0.296
ADI,2024-02-19,2024-02-25,0
VRSK,2024-02-19,2024-02-25,0
CDW,2024-02-19,2024-02-25,0
BIDU,2024-02-19,2024-02-25,-0.4767
CHTR,2024-02-19,2024-02-25,0
VRSN,2024-02-19,2024-02-25,0
INCY,2024-02-19,2024-02-25,0
WDAY,2024-02-19,2024-02-25,0.47963
ANSS,2024-02-19,2024-02-25,0
CPRT,2024-02-19,2024-02-25,0
UAL,2024-02-19,2024-02-25,0.3111665
TTWO,2024-02-19,2024-02-25,0
REG,2024-02-19,2024-02-25,0
HPE,2024-02-19,2024-02-25,0
EXPE,2024-02-19,2024-02-25,0
MCHP,2024-02-19,2024-02-25,0
VRSN,2024-02-19,2024-02-25,0
XLNX,2024-02-19,2024-02-25,0.3818
BKNG,2024-02-19,2024-02-25,0.0
MXIM,2024-02-19,2024-02-25,0
PAYC,2024-02-19,2024-02-25,0
CTAS,2024-02-19,2024-02-25,0
TECH,2024-02-19,2024-02-25,0
WDAY,2024-02-19,2024-02-25,0.47963
AAPL,2024-02-26,2024-03-03,0
MSFT,2024-02-26,2024-03-03,0
GOOG,2024-02-26,2024-03-03,0
AMZN,2024-02-26,2024-03-03,0.4215
TSLA,2024-02-26,2024-03-03,0.29914
META,2024-02-26,2024-03-03,0
NVDA,2024-02-26,2024-03-03,0
NFLX,2024-02-26,2024-03-03,0
PEP,2024-02-26,2024-03-03,0
ADBE,2024-02-26,2024-03-03,0
INTC,2024-02-26,2024-03-03,0
CSCO,2024-02-26,2024-03-03,0
CMCSA,2024-02-26,2024-03-03,0
AVGO,2024-02-26,2024-03-03,0
PYPL,2024-02-26,2024-03-03,0
TXN,2024-02-26,2024-03-03,0
COST,2024-02-26,2024-03-03,0
QCOM,2024-02-26,2024-03-03,0
AMGN,2024-02-26,2024-03-03,0.3627666666666667
SBUX,2024-02-26,2024-03-03,0
AMD,2024-02-26,2024-03-03,0.23275
HON,2024-02-26,2024-03-03,0
GILD,2024-02-26,2024-03-03,0.6249
ISRG,2024-02-26,2024-03-03,0
BKNG,2024-02-26,2024-03-03,0
ADP,2024-02-26,2024-03-03,0
MDLZ,2024-02-26,2024-03-03,0
VRTX,2024-02-26,2024-03-03,0
REGN,2024-02-26,2024-03-03,0
LRCX,2024-02-26,2024-03-03,0
FISV,2024-02-26,2024-03-03,0
INTU,2024-02-26,2024-03-03,0
MRNA,2024-02-26,2024-03-03,0.3093943333333333
MU,2024-02-26,2024-03-03,0
ZM,2024-02-26,2024-03-03,0
IDXX,2024-02-26,2024-03-03,0
ASML,2024-02-26,2024-03-03,0
ATVI,2024-02-26,2024-03-03,0
KHC,2024-02-26,2024-03-03,0
BIIB,2024-02-26,2024-03-03,0
MELI,2024-02-26,2024-03-03,0
DOCU,2024-02-26,2024-03-03,0.3818
ADSK,2024-02-26,2024-03-03,0.365827
EA,2024-02-26,2024-03-03,0
WDAY,2024-02-26,2024-03-03,0
SNPS,2024-02-26,2024-03-03,0.9552
ILMN,2024-02-26,2024-03-03,0
ROST,2024-02-26,2024-03-03,0.0
CTAS,2024-02-26,2024-03-03,0
EBAY,2024-02-26,2024-03-03,0
KLAC,2024-02-26,2024-03-03,0
MNST,2024-02-26,2024-03-03,-0.039467
CDNS,2024-02-26,2024-03-03,0.08895
CTSH,2024-02-26,2024-03-03,0
ORLY,2024-02-26,2024-03-03,0
DLTR,2024-02-26,2024-03-03,0
LULU,2024-02-26,2024-03-03,0
FAST,2024-02-26,2024-03-03,0.4404
XEL,2024-02-26,2024-03-03,0
CTXS,2024-02-26,2024-03-03,0
NXPI,2024-02-26,2024-03-03,0
PCAR,2024-02-26,2024-03-03,0
SIRI,2024-02-26,2024-03-03,0
MAR,2024-02-26,2024-03-03,0
SGEN,2024-02-26,2024-03-03,0.0
EXC,2024-02-26,2024-03-03,0
ODFL,2024-02-26,2024-03-03,-0.096233
PAYX,2024-02-26,2024-03-03,0
ALGN,2024-02-26,2024-03-03,0
SWKS,2024-02-26,2024-03-03,-0.05555
TEAM,2024-02-26,2024-03-03,0
WBA,2024-02-26,2024-03-03,0
ADI,2024-02-26,2024-03-03,0.125
VRSK,2024-02-26,2024-03-03,0
CDW,2024-02-26,2024-03-03,0
BIDU,2024-02-26,2024-03-03,0
CHTR,2024-02-26,2024-03-03,0.38726
VRSN,2024-02-26,2024-03-03,0
INCY,2024-02-26,2024-03-03,0
WDAY,2024-02-26,2024-03-03,0.6705
ANSS,2024-02-26,2024-03-03,0
CPRT,2024-02-26,2024-03-03,0
UAL,2024-02-26,2024-03-03,0
TTWO,2024-02-26,2024-03-03,0
REG,2024-02-26,2024-03-03,0
HPE,2024-02-26,2024-03-03,0.209675
EXPE,2024-02-26,2024-03-03,0
MCHP,2024-02-26,2024-03-03,0
VRSN,2024-02-26,2024-03-03,0
XLNX,2024-02-26,2024-03-03,0
BKNG,2024-02-26,2024-03-03,0
MXIM,2024-02-26,2024-03-03,0
PAYC,2024-02-26,2024-03-03,0
CTAS,2024-02-26,2024-03-03,0
TECH,2024-02-26,2024-03-03,0
WDAY,2024-02-26,2024-03-03,0.422189
AAPL,2024-03-04,2024-03-10,0.6124
MSFT,2024-03-04,2024-03-10,0.38735
GOOG,2024-03-04,2024-03-10,0
AMZN,2024-03-04,2024-03-10,0
TSLA,2024-03-04,2024-03-10,0
META,2024-03-04,2024-03-10,0
NVDA,2024-03-04,2024-03-10,0.3988085
NFLX,2024-03-04,2024-03-10,0
PEP,2024-03-04,2024-03-10,0
ADBE,2024-03-04,2024-03-10,0
INTC,2024-03-04,2024-03-10,0.18115
CSCO,2024-03-04,2024-03-10,0
CMCSA,2024-03-04,2024-03-10,0
AVGO,2024-03-04,2024-03-10,0.5267
PYPL,2024-03-04,2024-03-10,0
TXN,2024-03-04,2024-03-10,0
COST,2024-03-04,2024-03-10,0.204167
QCOM,2024-03-04,2024-03-10,0
AMGN,2024-03-04,2024-03-10,0
SBUX,2024-03-04,2024-03-10,0
AMD,2024-03-04,2024-03-10,0.20373333333333332
HON,2024-03-04,2024-03-10,0
GILD,2024-03-04,2024-03-10,0
ISRG,2024-03-04,2024-03-10,0.518429
BKNG,2024-03-04,2024-03-10,0
ADP,2024-03-04,2024-03-10,0
MDLZ,2024-03-04,2024-03-10,0
VRTX,2024-03-04,2024-03-10,0
REGN,2024-03-04,2024-03-10,0
LRCX,2024-03-04,2024-03-10,0
FISV,2024-03-04,2024-03-10,0
INTU,2024-03-04,2024-03-10,0
MRNA,2024-03-04,2024-03-10,0.6645
MU,2024-03-04,2024-03-10,0.28415
ZM,2024-03-04,2024-03-10,0
IDXX,2024-03-04,2024-03-10,0
ASML,2024-03-04,2024-03-10,0
ATVI,2024-03-04,2024-03-10,0
KHC,2024-03-04,2024-03-10,0
BIIB,2024-03-04,2024-03-10,0
MELI,2024-03-04,2024-03-10,0
DOCU,2024-03-04,2024-03-10,0
ADSK,2024-03-04,2024-03-10,0
EA,2024-03-04,2024-03-10,0
WDAY,2024-03-04,2024-03-10,0
SNPS,2024-03-04,2024-03-10,0.765
ILMN,2024-03-04,2024-03-10,0
ROST,2024-03-04,2024-03-10,0.0
CTAS,2024-03-04,2024-03-10,0
EBAY,2024-03-04,2024-03-10,0.268233
KLAC,2024-03-04,2024-03-10,0
MNST,2024-03-04,2024-03-10,0
CDNS,2024-03-04,2024-03-10,0
CTSH,2024-03-04,2024-03-10,0
ORLY,2024-03-04,2024-03-10,0
DLTR,2024-03-04,2024-03-10,0.10115
LULU,2024-03-04,2024-03-10,0.2085
FAST,2024-03-04,2024-03-10,0
XEL,2024-03-04,2024-03-10,-0.04285
CTXS,2024-03-04,2024-03-10,0
NXPI,2024-03-04,2024-03-10,0
PCAR,2024-03-04,2024-03-10,0.11315
SIRI,2024-03-04,2024-03-10,0
MAR,2024-03-04,2024-03-10,0.6705
SGEN,2024-03-04,2024-03-10,0
EXC,2024-03-04,2024-03-10,0
ODFL,2024-03-04,2024-03-10,0
PAYX,2024-03-04,2024-03-10,0
ALGN,2024-03-04,2024-03-10,0
SWKS,2024-03-04,2024-03-10,0
TEAM,2024-03-04,2024-03-10,0
WBA,2024-03-04,2024-03-10,0.45405
ADI,2024-03-04,2024-03-10,0
VRSK,2024-03-04,2024-03-10,0.3612
CDW,2024-03-04,2024-03-10,0
BIDU,2024-03-04,2024-03-10,0
CHTR,2024-03-04,2024-03-10,0.29449
VRSN,2024-03-04,2024-03-10,0
INCY,2024-03-04,2024-03-10,0
WDAY,2024-03-04,2024-03-10,0
ANSS,2024-03-04,2024-03-10,0.77165
CPRT,2024-03-04,2024-03-10,0
UAL,2024-03-04,2024-03-10,0
TTWO,2024-03-04,2024-03-10,0
REG,2024-03-04,2024-03-10,0
HPE,2024-03-04,2024-03-10,0.380233
EXPE,2024-03-04,2024-03-10,0
MCHP,2024-03-04,2024-03-10,0
VRSN,2024-03-04,2024-03-10,0
XLNX,2024-03-04,2024-03-10,0
BKNG,2024-03-04,2024-03-10,0.328467
MXIM,2024-03-04,2024-03-10,0
PAYC,2024-03-04,2024-03-10,0.4767
CTAS,2024-03-04,2024-03-10,0
TECH,2024-03-04,2024-03-10,0
WDAY,2024-03-04,2024-03-10,0.2263
AAPL,2024-03-11,2024-03-17,0
MSFT,2024-03-11,2024-03-17,0.31
GOOG,2024-03-11,2024-03-17,0.37
AMZN,2024-03-11,2024-03-17,0
TSLA,2024-03-11,2024-03-17,0
META,2024-03-11,2024-03-17,0
NVDA,2024-03-11,2024-03-17,0
NFLX,2024-03-11,2024-03-17,0
PEP,2024-03-11,2024-03-17,0
ADBE,2024-03-11,2024-03-17,0.57
INTC,2024-03-11,2024-03-17,0
CSCO,2024-03-11,2024-03-17,0
CMCSA,2024-03-11,2024-03-17,0
AVGO,2024-03-11,2024-03-17,0.33
PYPL,2024-03-11,2024-03-17,0
TXN,2024-03-11,2024-03-17,0
COST,2024-03-11,2024-03-17,0
QCOM,2024-03-11,2024-03-17,0
AMGN,2024-03-11,2024-03-17,0
SBUX,2024-03-11,2024-03-17,0.85
AMD,2024-03-11,2024-03-17,0.12
HON,2024-03-11,2024-03-17,0
GILD,2024-03-11,2024-03-17,0
ISRG,2024-03-11,2024-03-17,0
BKNG,2024-03-11,2024-03-17,0
ADP,2024-03-11,2024-03-17,0
MDLZ,2024-03-11,2024-03-17,0
VRTX,2024-03-11,2024-03-17,0
REGN,2024-03-11,2024-03-17,0
LRCX,2024-03-11,2024-03-17,0
FISV,2024-03-11,2024-03-17,0
INTU,2024-03-11,2024-03-17,-0.27
MRNA,2024-03-11,2024-03-17,0
MU,2024-03-11,2024-03-17,0.47
ZM,2024-03-11,2024-03-17,0
IDXX,2024-03-11,2024-03-17,0
ASML,2024-03-11,2024-03-17,0.41
ATVI,2024-03-11,2024-03-17,0
KHC,2024-03-11,2024-03-17,0
BIIB,2024-03-11,2024-03-17,0
MELI,2024-03-11,2024-03-17,0
DOCU,2024-03-11,2024-03-17,0
ADSK,2024-03-11,2024-03-17,0
EA,2024-03-11,2024-03-17,0
WDAY,2024-03-11,2024-03-17,0.58
SNPS,2024-03-11,2024-03-17,0.77
ILMN,2024-03-11,2024-03-17,0
ROST,2024-03-11,2024-03-17,0
CTAS,2024-03-11,2024-03-17,0
EBAY,2024-03-11,2024-03-17,0
KLAC,2024-03-11,2024-03-17,0
MNST,2024-03-11,2024-03-17,0
CDNS,2024-03-11,2024-03-17,0
CTSH,2024-03-11,2024-03-17,0
ORLY,2024-03-11,2024-03-17,0.24
DLTR,2024-03-11,2024-03-17,0.44
LULU,2024-03-11,2024-03-17,0
FAST,2024-03-11,2024-03-17,0
XEL,2024-03-11,2024-03-17,0
CTXS,2024-03-11,2024-03-17,0.88
NXPI,2024-03-11,2024-03-17,0
PCAR,2024-03-11,2024-03-17,0.5
SIRI,2024-03-11,2024-03-17,0
MAR,2024-03-11,2024-03-17,0
SGEN,2024-03-11,2024-03-17,-0.57
EXC,2024-03-11,2024-03-17,0
ODFL,2024-03-11,2024-03-17,0
PAYX,2024-03-11,2024-03-17,0
ALGN,2024-03-11,2024-03-17,0
SWKS,2024-03-11,2024-03-17,0
TEAM,2024-03-11,2024-03-17,0
WBA,2024-03-11,2024-03-17,0
ADI,2024-03-11,2024-03-17,0
VRSK,2024-03-11,2024-03-17,0
CDW,2024-03-11,2024-03-17,0
BIDU,2024-03-11,2024-03-17,0.32
CHTR,2024-03-11,2024-03-17,0
VRSN,2024-03-11,2024-03-17,0.0
INCY,2024-03-11,2024-03-17,0
WDAY,2024-03-11,2024-03-17,0.58
ANSS,2024-03-11,2024-03-17,0.77
CPRT,2024-03-11,2024-03-17,0
UAL,2024-03-11,2024-03-17,0
TTWO,2024-03-11,2024-03-17,0
REG,2024-03-11,2024-03-17,0
HPE,2024-03-11,2024-03-17,0.11
EXPE,2024-03-11,2024-03-17,0
MCHP,2024-03-11,2024-03-17,0.32
VRSN,2024-03-11,2024-03-17,0
XLNX,2024-03-11,2024-03-17,0
BKNG,2024-03-11,2024-03-17,0
MXIM,2024-03-11,2024-03-17,0
PAYC,2024-03-11,2024-03-17,0
CTAS,2024-03-11,2024-03-17,0
TECH,2024-03-11,2024-03-17,0
WDAY,2024-03-11,2024-03-17,0.4
AAPL,2024-03-18,2024-03-24,-0.75
MSFT,2024-03-18,2024-03-24,-0.75
GOOG,2024-03-18,2024-03-24,0
AMZN,2024-03-18,2024-03-24,0
TSLA,2024-03-18,2024-03-24,0.52
META,2024-03-18,2024-03-24,0.0
NVDA,2024-03-18,2024-03-24,0
NFLX,2024-03-18,2024-03-24,0
PEP,2024-03-18,2024-03-24,0
ADBE,2024-03-18,2024-03-24,0
INTC,2024-03-18,2024-03-24,0
CSCO,2024-03-18,2024-03-24,0
CMCSA,2024-03-18,2024-03-24,0
AVGO,2024-03-18,2024-03-24,0.21
PYPL,2024-03-18,2024-03-24,0
TXN,2024-03-18,2024-03-24,0
COST,2024-03-18,2024-03-24,0
QCOM,2024-03-18,2024-03-24,0
AMGN,2024-03-18,2024-03-24,0
SBUX,2024-03-18,2024-03-24,0
AMD,2024-03-18,2024-03-24,0.36
HON,2024-03-18,2024-03-24,0
GILD,2024-03-18,2024-03-24,0.54
ISRG,2024-03-18,2024-03-24,0
BKNG,2024-03-18,2024-03-24,0
ADP,2024-03-18,2024-03-24,0
MDLZ,2024-03-18,2024-03-24,0
VRTX,2024-03-18,2024-03-24,0
REGN,2024-03-18,2024-03-24,0
LRCX,2024-03-18,2024-03-24,0
FISV,2024-03-18,2024-03-24,0
INTU,2024-03-18,2024-03-24,0
MRNA,2024-03-18,2024-03-24,0
MU,2024-03-18,2024-03-24,-0.05
ZM,2024-03-18,2024-03-24,0.48
IDXX,2024-03-18,2024-03-24,0
ASML,2024-03-18,2024-03-24,0
ATVI,2024-03-18,2024-03-24,0.88
KHC,2024-03-18,2024-03-24,0
BIIB,2024-03-18,2024-03-24,0
MELI,2024-03-18,2024-03-24,0.42
DOCU,2024-03-18,2024-03-24,0.21
ADSK,2024-03-18,2024-03-24,0
EA,2024-03-18,2024-03-24,0
WDAY,2024-03-18,2024-03-24,0
SNPS,2024-03-18,2024-03-24,0
ILMN,2024-03-18,2024-03-24,0
ROST,2024-03-18,2024-03-24,0
CTAS,2024-03-18,2024-03-24,-0.17
EBAY,2024-03-18,2024-03-24,0.74
KLAC,2024-03-18,2024-03-24,0
MNST,2024-03-18,2024-03-24,0
CDNS,2024-03-18,2024-03-24,0
CTSH,2024-03-18,2024-03-24,0
ORLY,2024-03-18,2024-03-24,0
DLTR,2024-03-18,2024-03-24,0
LULU,2024-03-18,2024-03-24,0.28
FAST,2024-03-18,2024-03-24,0
XEL,2024-03-18,2024-03-24,0.57
CTXS,2024-03-18,2024-03-24,0
NXPI,2024-03-18,2024-03-24,0
PCAR,2024-03-18,2024-03-24,0.54
SIRI,2024-03-18,2024-03-24,0
MAR,2024-03-18,2024-03-24,0
SGEN,2024-03-18,2024-03-24,0.87
EXC,2024-03-18,2024-03-24,0
ODFL,2024-03-18,2024-03-24,0
PAYX,2024-03-18,2024-03-24,0.03
ALGN,2024-03-18,2024-03-24,0
SWKS,2024-03-18,2024-03-24,0.66
TEAM,2024-03-18,2024-03-24,0
WBA,2024-03-18,2024-03-24,0.3
ADI,2024-03-18,2024-03-24,0
VRSK,2024-03-18,2024-03-24,0
CDW,2024-03-18,2024-03-24,0
BIDU,2024-03-18,2024-03-24,0
CHTR,2024-03-18,2024-03-24,0
VRSN,2024-03-18,2024-03-24,0
INCY,2024-03-18,2024-03-24,0.87
WDAY,2024-03-18,2024-03-24,0
ANSS,2024-03-18,2024-03-24,0
CPRT,2024-03-18,2024-03-24,0
UAL,2024-03-18,2024-03-24,0.42
TTWO,2024-03-18,2024-03-24,0
REG,2024-03-18,2024-03-24,0
HPE,2024-03-18,2024-03-24,0
EXPE,2024-03-18,2024-03-24,0
MCHP,2024-03-18,2024-03-24,0
VRSN,2024-03-18,2024-03-24,0
XLNX,2024-03-18,2024-03-24,0
BKNG,2024-03-18,2024-03-24,0.17
MXIM,2024-03-18,2024-03-24,0
PAYC,2024-03-18,2024-03-24,0
CTAS,2024-03-18,2024-03-24,-0.17
TECH,2024-03-18,2024-03-24,0
WDAY,2024-03-18,2024-03-24,0
AAPL,2024-03-25,2024-03-31,0.49
MSFT,2024-03-25,2024-03-31,0.53
GOOG,2024-03-25,2024-03-31,0
AMZN,2024-03-25,2024-03-31,-0.53
TSLA,2024-03-25,2024-03-31,0.56
META,2024-03-25,2024-03-31,0
NVDA,2024-03-25,2024-03-31,-0.16
NFLX,2024-03-25,2024-03-31,0
PEP,2024-03-25,2024-03-31,0
ADBE,2024-03-25,2024-03-31,0
INTC,2024-03-25,2024-03-31,0
CSCO,2024-03-25,2024-03-31,0
CMCSA,2024-03-25,2024-03-31,0
AVGO,2024-03-25,2024-03-31,0.36
PYPL,2024-03-25,2024-03-31,0
TXN,2024-03-25,2024-03-31,0
COST,2024-03-25,2024-03-31,0
QCOM,2024-03-25,2024-03-31,0
AMGN,2024-03-25,2024-03-31,0.25
SBUX,2024-03-25,2024-03-31,0
AMD,2024-03-25,2024-03-31,0
HON,2024-03-25,2024-03-31,0
GILD,2024-03-25,2024-03-31,0
ISRG,2024-03-25,2024-03-31,0
BKNG,2024-03-25,2024-03-31,0.35
ADP,2024-03-25,2024-03-31,0
MDLZ,2024-03-25,2024-03-31,0
VRTX,2024-03-25,2024-03-31,0
REGN,2024-03-25,2024-03-31,0
LRCX,2024-03-25,2024-03-31,0.07
FISV,2024-03-25,2024-03-31,0
INTU,2024-03-25,2024-03-31,0
MRNA,2024-03-25,2024-03-31,0
MU,2024-03-25,2024-03-31,0.9
ZM,2024-03-25,2024-03-31,0
IDXX,2024-03-25,2024-03-31,0
ASML,2024-03-25,2024-03-31,0
ATVI,2024-03-25,2024-03-31,0
KHC,2024-03-25,2024-03-31,0.0
BIIB,2024-03-25,2024-03-31,0
MELI,2024-03-25,2024-03-31,0
DOCU,2024-03-25,2024-03-31,0
ADSK,2024-03-25,2024-03-31,0
EA,2024-03-25,2024-03-31,0
WDAY,2024-03-25,2024-03-31,0.5
SNPS,2024-03-25,2024-03-31,0
ILMN,2024-03-25,2024-03-31,-0.81
ROST,2024-03-25,2024-03-31,0
CTAS,2024-03-25,2024-03-31,0
EBAY,2024-03-25,2024-03-31,0
KLAC,2024-03-25,2024-03-31,0
MNST,2024-03-25,2024-03-31,0.0
CDNS,2024-03-25,2024-03-31,0.71
CTSH,2024-03-25,2024-03-31,0
ORLY,2024-03-25,2024-03-31,0
DLTR,2024-03-25,2024-03-31,0
LULU,2024-03-25,2024-03-31,-0.08
FAST,2024-03-25,2024-03-31,0
XEL,2024-03-25,2024-03-31,0
CTXS,2024-03-25,2024-03-31,0
NXPI,2024-03-25,2024-03-31,0
PCAR,2024-03-25,2024-03-31,0.63
SIRI,2024-03-25,2024-03-31,0
MAR,2024-03-25,2024-03-31,0.16
SGEN,2024-03-25,2024-03-31,0
EXC,2024-03-25,2024-03-31,0
ODFL,2024-03-25,2024-03-31,0
PAYX,2024-03-25,2024-03-31,-0.32
ALGN,2024-03-25,2024-03-31,0
SWKS,2024-03-25,2024-03-31,0
TEAM,2024-03-25,2024-03-31,0
WBA,2024-03-25,2024-03-31,-0.04
ADI,2024-03-25,2024-03-31,0
VRSK,2024-03-25,2024-03-31,0
CDW,2024-03-25,2024-03-31,0
BIDU,2024-03-25,2024-03-31,0
CHTR,2024-03-25,2024-03-31,0
VRSN,2024-03-25,2024-03-31,0
INCY,2024-03-25,2024-03-31,0
WDAY,2024-03-25,2024-03-31,0.5
ANSS,2024-03-25,2024-03-31,0
CPRT,2024-03-25,2024-03-31,0
UAL,2024-03-25,2024-03-31,0.64
TTWO,2024-03-25,2024-03-31,0
REG,2024-03-25,2024-03-31,0
HPE,2024-03-25,2024-03-31,0
EXPE,2024-03-25,2024-03-31,0.28
MCHP,2024-03-25,2024-03-31,0
VRSN,2024-03-25,2024-03-31,0
XLNX,2024-03-25,2024-03-31,0
BKNG,2024-03-25,2024-03-31,0.35
MXIM,2024-03-25,2024-03-31,0
PAYC,2024-03-25,2024-03-31,0
CTAS,2024-03-25,2024-03-31,0
TECH,2024-03-25,2024-03-31,0
WDAY,2024-03-25,2024-03-31,0.25
AAPL,2024-04-01,2024-04-07,0
MSFT,2024-04-01,2024-04-07,0
GOOG,2024-04-01,2024-04-07,0
AMZN,2024-04-01,2024-04-07,0
TSLA,2024-04-01,2024-04-07,0.16
META,2024-04-01,2024-04-07,0
NVDA,2024-04-01,2024-04-07,-0.16
NFLX,2024-04-01,2024-04-07,0
PEP,2024-04-01,2024-04-07,0
ADBE,2024-04-01,2024-04-07,0
INTC,2024-04-01,2024-04-07,0
CSCO,2024-04-01,2024-04-07,-0.08
CMCSA,2024-04-01,2024-04-07,0
AVGO,2024-04-01,2024-04-07,0
PYPL,2024-04-01,2024-04-07,0
TXN,2024-04-01,2024-04-07,0
COST,2024-04-01,2024-04-07,0
QCOM,2024-04-01,2024-04-07,0.72
AMGN,2024-04-01,2024-04-07,0.43
SBUX,2024-04-01,2024-04-07,0
AMD,2024-04-01,2024-04-07,0.22
HON,2024-04-01,2024-04-07,0
GILD,2024-04-01,2024-04-07,0.31
ISRG,2024-04-01,2024-04-07,0
BKNG,2024-04-01,2024-04-07,0
ADP,2024-04-01,2024-04-07,0
MDLZ,2024-04-01,2024-04-07,0
VRTX,2024-04-01,2024-04-07,0
REGN,2024-04-01,2024-04-07,0
LRCX,2024-04-01,2024-04-07,0
FISV,2024-04-01,2024-04-07,0
INTU,2024-04-01,2024-04-07,0
MRNA,2024-04-01,2024-04-07,0.27
MU,2024-04-01,2024-04-07,0.34
ZM,2024-04-01,2024-04-07,0.52
IDXX,2024-04-01,2024-04-07,0
ASML,2024-04-01,2024-04-07,0
ATVI,2024-04-01,2024-04-07,0
KHC,2024-04-01,2024-04-07,0
BIIB,2024-04-01,2024-04-07,0
MELI,2024-04-01,2024-04-07,0.44
DOCU,2024-04-01,2024-04-07,0
ADSK,2024-04-01,2024-04-07,0.23
EA,2024-04-01,2024-04-07,0
WDAY,2024-04-01,2024-04-07,0
SNPS,2024-04-01,2024-04-07,0
ILMN,2024-04-01,2024-04-07,0
ROST,2024-04-01,2024-04-07,0
CTAS,2024-04-01,2024-04-07,0
EBAY,2024-04-01,2024-04-07,0
KLAC,2024-04-01,2024-04-07,0
MNST,2024-04-01,2024-04-07,0
CDNS,2024-04-01,2024-04-07,0.21
CTSH,2024-04-01,2024-04-07,0
ORLY,2024-04-01,2024-04-07,0
DLTR,2024-04-01,2024-04-07,0
LULU,2024-04-01,2024-04-07,-0.1
FAST,2024-04-01,2024-04-07,0.57
XEL,2024-04-01,2024-04-07,0
CTXS,2024-04-01,2024-04-07,0
NXPI,2024-04-01,2024-04-07,0.0
PCAR,2024-04-01,2024-04-07,0
SIRI,2024-04-01,2024-04-07,0
MAR,2024-04-01,2024-04-07,0.46
SGEN,2024-04-01,2024-04-07,0.61
EXC,2024-04-01,2024-04-07,0.65
ODFL,2024-04-01,2024-04-07,0
PAYX,2024-04-01,2024-04-07,0
ALGN,2024-04-01,2024-04-07,0
SWKS,2024-04-01,2024-04-07,0.0
TEAM,2024-04-01,2024-04-07,0
WBA,2024-04-01,2024-04-07,0
ADI,2024-04-01,2024-04-07,0.14
VRSK,2024-04-01,2024-04-07,0
CDW,2024-04-01,2024-04-07,0
BIDU,2024-04-01,2024-04-07,0
CHTR,2024-04-01,2024-04-07,0
VRSN,2024-04-01,2024-04-07,0
INCY,2024-04-01,2024-04-07,0.74
WDAY,2024-04-01,2024-04-07,0
ANSS,2024-04-01,2024-04-07,0
CPRT,2024-04-01,2024-04-07,0.0
UAL,2024-04-01,2024-04-07,0.49
TTWO,2024-04-01,2024-04-07,0
REG,2024-04-01,2024-04-07,0
HPE,2024-04-01,2024-04-07,0
EXPE,2024-04-01,2024-04-07,0
MCHP,2024-04-01,2024-04-07,0
VRSN,2024-04-01,2024-04-07,0
XLNX,2024-04-01,2024-04-07,0
BKNG,2024-04-01,2024-04-07,0.12
MXIM,2024-04-01,2024-04-07,0
PAYC,2024-04-01,2024-04-07,0
CTAS,2024-04-01,2024-04-07,0
TECH,2024-04-01,2024-04-07,0
WDAY,2024-04-01,2024-04-07,0
AAPL,2024-04-08,2024-04-14,0.52
MSFT,2024-04-08,2024-04-14,0.54
GOOG,2024-04-08,2024-04-14,0.81
AMZN,2024-04-08,2024-04-14,0
TSLA,2024-04-08,2024-04-14,0
META,2024-04-08,2024-04-14,0
NVDA,2024-04-08,2024-04-14,0.32
NFLX,2024-04-08,2024-04-14,0
PEP,2024-04-08,2024-04-14,0
ADBE,2024-04-08,2024-04-14,0
INTC,2024-04-08,2024-04-14,0
CSCO,2024-04-08,2024-04-14,0
CMCSA,2024-04-08,2024-04-14,0
AVGO,2024-04-08,2024-04-14,0
PYPL,2024-04-08,2024-04-14,0.01
TXN,2024-04-08,2024-04-14,0
COST,2024-04-08,2024-04-14,0
QCOM,2024-04-08,2024-04-14,0
AMGN,2024-04-08,2024-04-14,0.0
SBUX,2024-04-08,2024-04-14,-0.29
AMD,2024-04-08,2024-04-14,0.45
HON,2024-04-08,2024-04-14,0
GILD,2024-04-08,2024-04-14,0
ISRG,2024-04-08,2024-04-14,0
BKNG,2024-04-08,2024-04-14,0
ADP,2024-04-08,2024-04-14,0
MDLZ,2024-04-08,2024-04-14,0
VRTX,2024-04-08,2024-04-14,0
REGN,2024-04-08,2024-04-14,0
LRCX,2024-04-08,2024-04-14,0
FISV,2024-04-08,2024-04-14,0
INTU,2024-04-08,2024-04-14,0.0
MRNA,2024-04-08,2024-04-14,0
MU,2024-04-08,2024-04-14,0
ZM,2024-04-08,2024-04-14,0
IDXX,2024-04-08,2024-04-14,0
ASML,2024-04-08,2024-04-14,0.25
ATVI,2024-04-08,2024-04-14,0
KHC,2024-04-08,2024-04-14,0
BIIB,2024-04-08,2024-04-14,0
MELI,2024-04-08,2024-04-14,0
DOCU,2024-04-08,2024-04-14,0
ADSK,2024-04-08,2024-04-14,0.0
EA,2024-04-08,2024-04-14,0
WDAY,2024-04-08,2024-04-14,0
SNPS,2024-04-08,2024-04-14,0.55
ILMN,2024-04-08,2024-04-14,0
ROST,2024-04-08,2024-04-14,0
CTAS,2024-04-08,2024-04-14,0
EBAY,2024-04-08,2024-04-14,0
KLAC,2024-04-08,2024-04-14,0
MNST,2024-04-08,2024-04-14,0
CDNS,2024-04-08,2024-04-14,0
CTSH,2024-04-08,2024-04-14,0
ORLY,2024-04-08,2024-04-14,0
DLTR,2024-04-08,2024-04-14,0.23
LULU,2024-04-08,2024-04-14,0
FAST,2024-04-08,2024-04-14,0
XEL,2024-04-08,2024-04-14,0.7
CTXS,2024-04-08,2024-04-14,0
NXPI,2024-04-08,2024-04-14,0
PCAR,2024-04-08,2024-04-14,0
SIRI,2024-04-08,2024-04-14,0.68
MAR,2024-04-08,2024-04-14,0
SGEN,2024-04-08,2024-04-14,0
EXC,2024-04-08,2024-04-14,0.32
ODFL,2024-04-08,2024-04-14,0
PAYX,2024-04-08,2024-04-14,0
ALGN,2024-04-08,2024-04-14,0
SWKS,2024-04-08,2024-04-14,0
TEAM,2024-04-08,2024-04-14,0
WBA,2024-04-08,2024-04-14,0.9
ADI,2024-04-08,2024-04-14,0.04
VRSK,2024-04-08,2024-04-14,0
CDW,2024-04-08,2024-04-14,0
BIDU,2024-04-08,2024-04-14,-0.05
CHTR,2024-04-08,2024-04-14,0
VRSN,2024-04-08,2024-04-14,0
INCY,2024-04-08,2024-04-14,0
WDAY,2024-04-08,2024-04-14,0
ANSS,2024-04-08,2024-04-14,0.32
CPRT,2024-04-08,2024-04-14,0
UAL,2024-04-08,2024-04-14,0
TTWO,2024-04-08,2024-04-14,0
REG,2024-04-08,2024-04-14,0
HPE,2024-04-08,2024-04-14,0
EXPE,2024-04-08,2024-04-14,0
MCHP,2024-04-08,2024-04-14,0
VRSN,2024-04-08,2024-04-14,0
XLNX,2024-04-08,2024-04-14,0
BKNG,2024-04-08,2024-04-14,0.32
MXIM,2024-04-08,2024-04-14,0
PAYC,2024-04-08,2024-04-14,0
CTAS,2024-04-08,2024-04-14,0.42
TECH,2024-04-08,2024-04-14,0
WDAY,2024-04-08,2024-04-14,0.0
AAPL,2024-04-15,2024-04-21,0
MSFT,2024-04-15,2024-04-21,0
GOOG,2024-04-15,2024-04-21,0
AMZN,2024-04-15,2024-04-21,0
TSLA,2024-04-15,2024-04-21,0
META,2024-04-15,2024-04-21,0
NVDA,2024-04-15,2024-04-21,0.61
NFLX,2024-04-15,2024-04-21,0
PEP,2024-04-15,2024-04-21,0
ADBE,2024-04-15,2024-04-21,0.0
INTC,2024-04-15,2024-04-21,0
CSCO,2024-04-15,2024-04-21,0
CMCSA,2024-04-15,2024-04-21,-0.07
AVGO,2024-04-15,2024-04-21,0
PYPL,2024-04-15,2024-04-21,0
TXN,2024-04-15,2024-04-21,0
COST,2024-04-15,2024-04-21,0
QCOM,2024-04-15,2024-04-21,0
AMGN,2024-04-15,2024-04-21,0.0
SBUX,2024-04-15,2024-04-21,0
AMD,2024-04-15,2024-04-21,0
HON,2024-04-15,2024-04-21,0.0
GILD,2024-04-15,2024-04-21,0
ISRG,2024-04-15,2024-04-21,0
BKNG,2024-04-15,2024-04-21,0
ADP,2024-04-15,2024-04-21,0
MDLZ,2024-04-15,2024-04-21,0
VRTX,2024-04-15,2024-04-21,0.3
REGN,2024-04-15,2024-04-21,0
LRCX,2024-04-15,2024-04-21,0.14
FISV,2024-04-15,2024-04-21,0.42
INTU,2024-04-15,2024-04-21,0
MRNA,2024-04-15,2024-04-21,0
MU,2024-04-15,2024-04-21,0.92
ZM,2024-04-15,2024-04-21,0
IDXX,2024-04-15,2024-04-21,0
ASML,2024-04-15,2024-04-21,0
ATVI,2024-04-15,2024-04-21,0
KHC,2024-04-15,2024-04-21,0
BIIB,2024-04-15,2024-04-21,0.27
MELI,2024-04-15,2024-04-21,0.5
DOCU,2024-04-15,2024-04-21,0.71
ADSK,2024-04-15,2024-04-21,0.12
EA,2024-04-15,2024-04-21,0
WDAY,2024-04-15,2024-04-21,0
SNPS,2024-04-15,2024-04-21,0
ILMN,2024-04-15,2024-04-21,0
ROST,2024-04-15,2024-04-21,0
CTAS,2024-04-15,2024-04-21,0
EBAY,2024-04-15,2024-04-21,0
KLAC,2024-04-15,2024-04-21,0
MNST,2024-04-15,2024-04-21,0
CDNS,2024-04-15,2024-04-21,0.0
CTSH,2024-04-15,2024-04-21,0
ORLY,2024-04-15,2024-04-21,0
DLTR,2024-04-15,2024-04-21,0
LULU,2024-04-15,2024-04-21,0.0
FAST,2024-04-15,2024-04-21,0.0
XEL,2024-04-15,2024-04-21,0
CTXS,2024-04-15,2024-04-21,0
NXPI,2024-04-15,2024-04-21,0
PCAR,2024-04-15,2024-04-21,0
SIRI,2024-04-15,2024-04-21,0
MAR,2024-04-15,2024-04-21,0
SGEN,2024-04-15,2024-04-21,0
EXC,2024-04-15,2024-04-21,0
ODFL,2024-04-15,2024-04-21,0
PAYX,2024-04-15,2024-04-21,0.32
ALGN,2024-04-15,2024-04-21,-0.42
SWKS,2024-04-15,2024-04-21,0.3
TEAM,2024-04-15,2024-04-21,0
WBA,2024-04-15,2024-04-21,0.56
ADI,2024-04-15,2024-04-21,0
VRSK,2024-04-15,2024-04-21,0
CDW,2024-04-15,2024-04-21,0
BIDU,2024-04-15,2024-04-21,0
CHTR,2024-04-15,2024-04-21,0.4
VRSN,2024-04-15,2024-04-21,0
INCY,2024-04-15,2024-04-21,0
WDAY,2024-04-15,2024-04-21,0
ANSS,2024-04-15,2024-04-21,0.77
CPRT,2024-04-15,2024-04-21,0
UAL,2024-04-15,2024-04-21,0
TTWO,2024-04-15,2024-04-21,0.86
REG,2024-04-15,2024-04-21,0
HPE,2024-04-15,2024-04-21,0
EXPE,2024-04-15,2024-04-21,0
MCHP,2024-04-15,2024-04-21,0
VRSN,2024-04-15,2024-04-21,0
XLNX,2024-04-15,2024-04-21,0
BKNG,2024-04-15,2024-04-21,0.0
MXIM,2024-04-15,2024-04-21,0
PAYC,2024-04-15,2024-04-21,0
CTAS,2024-04-15,2024-04-21,0
TECH,2024-04-15,2024-04-21,0.0
WDAY,2024-04-15,2024-04-21,0.0
AAPL,2024-04-22,2024-04-28,0.43
MSFT,2024-04-22,2024-04-28,0
GOOG,2024-04-22,2024-04-28,0
AMZN,2024-04-22,2024-04-28,0
TSLA,2024-04-22,2024-04-28,0
META,2024-04-22,2024-04-28,0
NVDA,2024-04-22,2024-04-28,0.38
NFLX,2024-04-22,2024-04-28,0.28
PEP,2024-04-22,2024-04-28,0
ADBE,2024-04-22,2024-04-28,0
INTC,2024-04-22,2024-04-28,-0.46
CSCO,2024-04-22,2024-04-28,0
CMCSA,2024-04-22,2024-04-28,0
AVGO,2024-04-22,2024-04-28,0
PYPL,2024-04-22,2024-04-28,0
TXN,2024-04-22,2024-04-28,0.36
COST,2024-04-22,2024-04-28,0
QCOM,2024-04-22,2024-04-28,0.73
AMGN,2024-04-22,2024-04-28,0
SBUX,2024-04-22,2024-04-28,0
AMD,2024-04-22,2024-04-28,-0.1
HON,2024-04-22,2024-04-28,0
GILD,2024-04-22,2024-04-28,0
ISRG,2024-04-22,2024-04-28,0
BKNG,2024-04-22,2024-04-28,0
ADP,2024-04-22,2024-04-28,0
MDLZ,2024-04-22,2024-04-28,0.31
VRTX,2024-04-22,2024-04-28,0
REGN,2024-04-22,2024-04-28,0.1
LRCX,2024-04-22,2024-04-28,0
FISV,2024-04-22,2024-04-28,0
INTU,2024-04-22,2024-04-28,0
MRNA,2024-04-22,2024-04-28,0.29
MU,2024-04-22,2024-04-28,0
ZM,2024-04-22,2024-04-28,0
IDXX,2024-04-22,2024-04-28,0
ASML,2024-04-22,2024-04-28,0
ATVI,2024-04-22,2024-04-28,0
KHC,2024-04-22,2024-04-28,0
BIIB,2024-04-22,2024-04-28,0
MELI,2024-04-22,2024-04-28,0.55
DOCU,2024-04-22,2024-04-28,0
ADSK,2024-04-22,2024-04-28,-0.17
EA,2024-04-22,2024-04-28,0
WDAY,2024-04-22,2024-04-28,0
SNPS,2024-04-22,2024-04-28,0
ILMN,2024-04-22,2024-04-28,0
ROST,2024-04-22,2024-04-28,0
CTAS,2024-04-22,2024-04-28,0
EBAY,2024-04-22,2024-04-28,0
KLAC,2024-04-22,2024-04-28,0.31
MNST,2024-04-22,2024-04-28,0
CDNS,2024-04-22,2024-04-28,0
CTSH,2024-04-22,2024-04-28,-0.49
ORLY,2024-04-22,2024-04-28,0
DLTR,2024-04-22,2024-04-28,0
LULU,2024-04-22,2024-04-28,0
FAST,2024-04-22,2024-04-28,0
XEL,2024-04-22,2024-04-28,-0.24
CTXS,2024-04-22,2024-04-28,0
NXPI,2024-04-22,2024-04-28,0.0
PCAR,2024-04-22,2024-04-28,0.23
SIRI,2024-04-22,2024-04-28,0
MAR,2024-04-22,2024-04-28,0.42
SGEN,2024-04-22,2024-04-28,0
EXC,2024-04-22,2024-04-28,0
ODFL,2024-04-22,2024-04-28,0.65
PAYX,2024-04-22,2024-04-28,0
ALGN,2024-04-22,2024-04-28,0
SWKS,2024-04-22,2024-04-28,0.23
TEAM,2024-04-22,2024-04-28,0
WBA,2024-04-22,2024-04-28,0
ADI,2024-04-22,2024-04-28,0
VRSK,2024-04-22,2024-04-28,0
CDW,2024-04-22,2024-04-28,0
BIDU,2024-04-22,2024-04-28,0
CHTR,2024-04-22,2024-04-28,0.26
VRSN,2024-04-22,2024-04-28,0.58
INCY,2024-04-22,2024-04-28,0
WDAY,2024-04-22,2024-04-28,0
ANSS,2024-04-22,2024-04-28,0.65
CPRT,2024-04-22,2024-04-28,0
UAL,2024-04-22,2024-04-28,0
TTWO,2024-04-22,2024-04-28,0
REG,2024-04-22,2024-04-28,0
HPE,2024-04-22,2024-04-28,0
EXPE,2024-04-22,2024-04-28,0.08
MCHP,2024-04-22,2024-04-28,0
VRSN,2024-04-22,2024-04-28,0.58
XLNX,2024-04-22,2024-04-28,0
BKNG,2024-04-22,2024-04-28,0.57
MXIM,2024-04-22,2024-04-28,0
PAYC,2024-04-22,2024-04-28,0.49
CTAS,2024-04-22,2024-04-28,0
TECH,2024-04-22,2024-04-28,0
WDAY,2024-04-22,2024-04-28,0
AAPL,2024-04-29,2024-05-05,0.49
MSFT,2024-04-29,2024-05-05,0
GOOG,2024-04-29,2024-05-05,0
AMZN,2024-04-29,2024-05-05,0.1
TSLA,2024-04-29,2024-05-05,0
META,2024-04-29,2024-05-05,0
NVDA,2024-04-29,2024-05-05,0.59
NFLX,2024-04-29,2024-05-05,0.1
PEP,2024-04-29,2024-05-05,0
ADBE,2024-04-29,2024-05-05,0
INTC,2024-04-29,2024-05-05,0
CSCO,2024-04-29,2024-05-05,0
CMCSA,2024-04-29,2024-05-05,0
AVGO,2024-04-29,2024-05-05,0
PYPL,2024-04-29,2024-05-05,0
TXN,2024-04-29,2024-05-05,0
COST,2024-04-29,2024-05-05,0
QCOM,2024-04-29,2024-05-05,0.38
AMGN,2024-04-29,2024-05-05,0
SBUX,2024-04-29,2024-05-05,-0.1
AMD,2024-04-29,2024-05-05,0.27
HON,2024-04-29,2024-05-05,0
GILD,2024-04-29,2024-05-05,0.42
ISRG,2024-04-29,2024-05-05,0
BKNG,2024-04-29,2024-05-05,0.42
ADP,2024-04-29,2024-05-05,0
MDLZ,2024-04-29,2024-05-05,0
VRTX,2024-04-29,2024-05-05,0.08
REGN,2024-04-29,2024-05-05,0.2
LRCX,2024-04-29,2024-05-05,0
FISV,2024-04-29,2024-05-05,0
INTU,2024-04-29,2024-05-05,0
MRNA,2024-04-29,2024-05-05,0.43
MU,2024-04-29,2024-05-05,0.12
ZM,2024-04-29,2024-05-05,0
IDXX,2024-04-29,2024-05-05,0
ASML,2024-04-29,2024-05-05,0
ATVI,2024-04-29,2024-05-05,0
KHC,2024-04-29,2024-05-05,0
BIIB,2024-04-29,2024-05-05,0.36
MELI,2024-04-29,2024-05-05,0
DOCU,2024-04-29,2024-05-05,0
ADSK,2024-04-29,2024-05-05,-0.12
EA,2024-04-29,2024-05-05,0.0
WDAY,2024-04-29,2024-05-05,0
SNPS,2024-04-29,2024-05-05,0
ILMN,2024-04-29,2024-05-05,0
ROST,2024-04-29,2024-05-05,0
CTAS,2024-04-29,2024-05-05,0
EBAY,2024-04-29,2024-05-05,0
KLAC,2024-04-29,2024-05-05,0.24
MNST,2024-04-29,2024-05-05,0.35
CDNS,2024-04-29,2024-05-05,0.25
CTSH,2024-04-29,2024-05-05,0
ORLY,2024-04-29,2024-05-05,0
DLTR,2024-04-29,2024-05-05,0
LULU,2024-04-29,2024-05-05,0
FAST,2024-04-29,2024-05-05,0
XEL,2024-04-29,2024-05-05,0
CTXS,2024-04-29,2024-05-05,0
NXPI,2024-04-29,2024-05-05,0
PCAR,2024-04-29,2024-05-05,0
SIRI,2024-04-29,2024-05-05,0.0
MAR,2024-04-29,2024-05-05,0
SGEN,2024-04-29,2024-05-05,0
EXC,2024-04-29,2024-05-05,0
ODFL,2024-04-29,2024-05-05,0.67
PAYX,2024-04-29,2024-05-05,0.22
ALGN,2024-04-29,2024-05-05,0
SWKS,2024-04-29,2024-05-05,0
TEAM,2024-04-29,2024-05-05,0
WBA,2024-04-29,2024-05-05,-0.59
ADI,2024-04-29,2024-05-05,0.28
VRSK,2024-04-29,2024-05-05,0
CDW,2024-04-29,2024-05-05,0
BIDU,2024-04-29,2024-05-05,0.41
CHTR,2024-04-29,2024-05-05,0
VRSN,2024-04-29,2024-05-05,0
INCY,2024-04-29,2024-05-05,0
WDAY,2024-04-29,2024-05-05,0
ANSS,2024-04-29,2024-05-05,0.29
CPRT,2024-04-29,2024-05-05,0
UAL,2024-04-29,2024-05-05,0
TTWO,2024-04-29,2024-05-05,0
REG,2024-04-29,2024-05-05,0.41
HPE,2024-04-29,2024-05-05,0.69
EXPE,2024-04-29,2024-05-05,0
MCHP,2024-04-29,2024-05-05,0.44
VRSN,2024-04-29,2024-05-05,0
XLNX,2024-04-29,2024-05-05,0
BKNG,2024-04-29,2024-05-05,0.42
MXIM,2024-04-29,2024-05-05,0
PAYC,2024-04-29,2024-05-05,0
CTAS,2024-04-29,2024-05-05,0
TECH,2024-04-29,2024-05-05,0
WDAY,2024-04-29,2024-05-05,0.66
AAPL,2024-05-06,2024-05-12,0
MSFT,2024-05-06,2024-05-12,0.24
GOOG,2024-05-06,2024-05-12,0.13
AMZN,2024-05-06,2024-05-12,0
TSLA,2024-05-06,2024-05-12,0.54
META,2024-05-06,2024-05-12,0
NVDA,2024-05-06,2024-05-12,0.4
NFLX,2024-05-06,2024-05-12,0
PEP,2024-05-06,2024-05-12,0
ADBE,2024-05-06,2024-05-12,0
INTC,2024-05-06,2024-05-12,0.33
CSCO,2024-05-06,2024-05-12,0
CMCSA,2024-05-06,2024-05-12,0
AVGO,2024-05-06,2024-05-12,0.26
PYPL,2024-05-06,2024-05-12,0
TXN,2024-05-06,2024-05-12,0
COST,2024-05-06,2024-05-12,0
QCOM,2024-05-06,2024-05-12,0
AMGN,2024-05-06,2024-05-12,0
SBUX,2024-05-06,2024-05-12,0
AMD,2024-05-06,2024-05-12,0.22
HON,2024-05-06,2024-05-12,0.0
GILD,2024-05-06,2024-05-12,0
ISRG,2024-05-06,2024-05-12,0
BKNG,2024-05-06,2024-05-12,0.47
ADP,2024-05-06,2024-05-12,0
MDLZ,2024-05-06,2024-05-12,0
VRTX,2024-05-06,2024-05-12,0
REGN,2024-05-06,2024-05-12,0
LRCX,2024-05-06,2024-05-12,0
FISV,2024-05-06,2024-05-12,0
INTU,2024-05-06,2024-05-12,0
MRNA,2024-05-06,2024-05-12,-0.06
MU,2024-05-06,2024-05-12,0
ZM,2024-05-06,2024-05-12,0
IDXX,2024-05-06,2024-05-12,-0.01
ASML,2024-05-06,2024-05-12,0
ATVI,2024-05-06,2024-05-12,0
KHC,2024-05-06,2024-05-12,0.48
BIIB,2024-05-06,2024-05-12,0
MELI,2024-05-06,2024-05-12,0
DOCU,2024-05-06,2024-05-12,0
ADSK,2024-05-06,2024-05-12,0.33
EA,2024-05-06,2024-05-12,0
WDAY,2024-05-06,2024-05-12,0
SNPS,2024-05-06,2024-05-12,0
ILMN,2024-05-06,2024-05-12,0
ROST,2024-05-06,2024-05-12,0
CTAS,2024-05-06,2024-05-12,0.14
EBAY,2024-05-06,2024-05-12,0
KLAC,2024-05-06,2024-05-12,0.42
MNST,2024-05-06,2024-05-12,0
CDNS,2024-05-06,2024-05-12,0
CTSH,2024-05-06,2024-05-12,0.0
ORLY,2024-05-06,2024-05-12,0
DLTR,2024-05-06,2024-05-12,0
LULU,2024-05-06,2024-05-12,0
FAST,2024-05-06,2024-05-12,0.42
XEL,2024-05-06,2024-05-12,0
CTXS,2024-05-06,2024-05-12,0
NXPI,2024-05-06,2024-05-12,0
PCAR,2024-05-06,2024-05-12,0.74
SIRI,2024-05-06,2024-05-12,0
MAR,2024-05-06,2024-05-12,0
SGEN,2024-05-06,2024-05-12,0
EXC,2024-05-06,2024-05-12,0
ODFL,2024-05-06,2024-05-12,0
PAYX,2024-05-06,2024-05-12,0
ALGN,2024-05-06,2024-05-12,0.53
SWKS,2024-05-06,2024-05-12,-0.1
TEAM,2024-05-06,2024-05-12,0
WBA,2024-05-06,2024-05-12,0
ADI,2024-05-06,2024-05-12,0
VRSK,2024-05-06,2024-05-12,0
CDW,2024-05-06,2024-05-12,0
BIDU,2024-05-06,2024-05-12,0.88
CHTR,2024-05-06,2024-05-12,0.0
VRSN,2024-05-06,2024-05-12,0
INCY,2024-05-06,2024-05-12,0
WDAY,2024-05-06,2024-05-12,0.77
ANSS,2024-05-06,2024-05-12,0
CPRT,2024-05-06,2024-05-12,0
UAL,2024-05-06,2024-05-12,0
TTWO,2024-05-06,2024-05-12,0
REG,2024-05-06,2024-05-12,0
HPE,2024-05-06,2024-05-12,0
EXPE,2024-05-06,2024-05-12,0.44
MCHP,2024-05-06,2024-05-12,0.0
VRSN,2024-05-06,2024-05-12,0
XLNX,2024-05-06,2024-05-12,0
BKNG,2024-05-06,2024-05-12,0.47
MXIM,2024-05-06,2024-05-12,0
PAYC,2024-05-06,2024-05-12,0
CTAS,2024-05-06,2024-05-12,0.14
TECH,2024-05-06,2024-05-12,0
WDAY,2024-05-06,2024-05-12,0
AAPL,2024-05-13,2024-05-19,0.47
MSFT,2024-05-13,2024-05-19,0
GOOG,2024-05-13,2024-05-19,0
AMZN,2024-05-13,2024-05-19,0
TSLA,2024-05-13,2024-05-19,0
META,2024-05-13,2024-05-19,0
NVDA,2024-05-13,2024-05-19,0.61
NFLX,2024-05-13,2024-05-19,0
PEP,2024-05-13,2024-05-19,0
ADBE,2024-05-13,2024-05-19,0
INTC,2024-05-13,2024-05-19,-0.27
CSCO,2024-05-13,2024-05-19,0
CMCSA,2024-05-13,2024-05-19,0
AVGO,2024-05-13,2024-05-19,0.71
PYPL,2024-05-13,2024-05-19,0
TXN,2024-05-13,2024-05-19,0
COST,2024-05-13,2024-05-19,0
QCOM,2024-05-13,2024-05-19,0
AMGN,2024-05-13,2024-05-19,-0.13
SBUX,2024-05-13,2024-05-19,0
AMD,2024-05-13,2024-05-19,-0.27
HON,2024-05-13,2024-05-19,0
GILD,2024-05-13,2024-05-19,0.51
ISRG,2024-05-13,2024-05-19,0
BKNG,2024-05-13,2024-05-19,0
ADP,2024-05-13,2024-05-19,0
MDLZ,2024-05-13,2024-05-19,0
VRTX,2024-05-13,2024-05-19,0
REGN,2024-05-13,2024-05-19,0
LRCX,2024-05-13,2024-05-19,0
FISV,2024-05-13,2024-05-19,0
INTU,2024-05-13,2024-05-19,0.0
MRNA,2024-05-13,2024-05-19,0.04
MU,2024-05-13,2024-05-19,0
ZM,2024-05-13,2024-05-19,-0.23
IDXX,2024-05-13,2024-05-19,0
ASML,2024-05-13,2024-05-19,-0.1
ATVI,2024-05-13,2024-05-19,0
KHC,2024-05-13,2024-05-19,0
BIIB,2024-05-13,2024-05-19,0
MELI,2024-05-13,2024-05-19,0.4
DOCU,2024-05-13,2024-05-19,0
ADSK,2024-05-13,2024-05-19,0
EA,2024-05-13,2024-05-19,0
WDAY,2024-05-13,2024-05-19,0.0
SNPS,2024-05-13,2024-05-19,0.0
ILMN,2024-05-13,2024-05-19,0
ROST,2024-05-13,2024-05-19,0.0
CTAS,2024-05-13,2024-05-19,0
EBAY,2024-05-13,2024-05-19,0.42
KLAC,2024-05-13,2024-05-19,0
MNST,2024-05-13,2024-05-19,0
CDNS,2024-05-13,2024-05-19,0.41
CTSH,2024-05-13,2024-05-19,0
ORLY,2024-05-13,2024-05-19,0
DLTR,2024-05-13,2024-05-19,0
LULU,2024-05-13,2024-05-19,0
FAST,2024-05-13,2024-05-19,0.36
XEL,2024-05-13,2024-05-19,0
CTXS,2024-05-13,2024-05-19,0
NXPI,2024-05-13,2024-05-19,0
PCAR,2024-05-13,2024-05-19,0
SIRI,2024-05-13,2024-05-19,0
MAR,2024-05-13,2024-05-19,0
SGEN,2024-05-13,2024-05-19,0
EXC,2024-05-13,2024-05-19,0
ODFL,2024-05-13,2024-05-19,0
PAYX,2024-05-13,2024-05-19,0
ALGN,2024-05-13,2024-05-19,0.06
SWKS,2024-05-13,2024-05-19,0.77
TEAM,2024-05-13,2024-05-19,0
WBA,2024-05-13,2024-05-19,0
ADI,2024-05-13,2024-05-19,0
VRSK,2024-05-13,2024-05-19,0
CDW,2024-05-13,2024-05-19,0.18
BIDU,2024-05-13,2024-05-19,0
CHTR,2024-05-13,2024-05-19,0
VRSN,2024-05-13,2024-05-19,0
INCY,2024-05-13,2024-05-19,0
WDAY,2024-05-13,2024-05-19,0.0
ANSS,2024-05-13,2024-05-19,0
CPRT,2024-05-13,2024-05-19,0
UAL,2024-05-13,2024-05-19,0
TTWO,2024-05-13,2024-05-19,0
REG,2024-05-13,2024-05-19,0
HPE,2024-05-13,2024-05-19,0
EXPE,2024-05-13,2024-05-19,0.57
MCHP,2024-05-13,2024-05-19,-0.1
VRSN,2024-05-13,2024-05-19,0
XLNX,2024-05-13,2024-05-19,0
BKNG,2024-05-13,2024-05-19,0.4
MXIM,2024-05-13,2024-05-19,0
PAYC,2024-05-13,2024-05-19,0
CTAS,2024-05-13,2024-05-19,0
TECH,2024-05-13,2024-05-19,0
WDAY,2024-05-13,2024-05-19,0.0
